{
	"default": {
		"_sap_ui_rta_Toolbar_Base_SegBBtnHoverBG": "#cae4fb",
		"_sap_ui_rta_Toolbar_Base_TextColor": "#FFFFFF",
		"_sap_ui_rta_Toolbar_Base_BaseColor": "#2f3c48",
		"_sap_ui_rta_Toolbar_Adaptation_BaseColor": "#2f3c48",
		"_sap_ui_rta_Toolbar_Fiori_TextColor": "#FFFFFF",
		"_sap_ui_rta_Toolbar_Standalone_TextColor": "#FFFFFF",
		"_sap_ui_rta_Toolbar_Standalone_BaseColor": "#2f3c48",
		"_sap_ui_rta_Toolbar_Personalization_TextColor": "#FFFFFF",
		"_sap_ui_rta_Toolbar_Personalization_TextShadowColor": "black",
		"_sap_ui_rta_Toolbar_Personalization_BaseColor": "#2f3c48",
		"_sap_ui_rta_Overlay_ActiveBG": "rgba(255,0,0,0.1)",
		"_sap_ui_rta_Overlay_BaseBG": "#fafafa",
		"_sap_ui_rta_Overlay_Border": "#FF0000",
		"_sap_ui_rta_Overlay_ErrorBorder": "#e00",
		"_sap_ui_rta_Overlay_BoxShadow": "0px 6px 12px 0px rgba(0,0,0,0.3)",
		"_sap_ui_rta_Overlay_HoverBorder": "#e5e5e5",
		"_sap_ui_rta_Overlay_BaseColor": "#2f3c48",
		"_sap_ui_dt_ContextMenu_BorderColor": "#cae4fb",
		"_sap_ui_dt_ContextMenu_BoxShadow": "0 10px 20px rgba(0,0,0,0.19), 0 6px 6px rgba(0,0,0,0.23), 0px 0px 0px 1px rgba(255,255,255,0.2), 0px 1px 0px 0 rgba(255,255,255,0.2)",
		"_sap_ui_dt_ContextMenu_FocusColor": "#FFFFFF",
		"_sap_ui_rta_Overlay_Base_PlaceholderBG": "#eff4f9",
		"_sap_ui_dt_ContextMenu_TextColor": "#cae4fb",
		"_sap_ui_dt_ContextMenu_BaseColor": "#2f3c48",
		"_sap_ui_dt_ContextMenu_BtnHover": "rgba(99,127,153,0.5)",
		"_sap_ui_rta_Toolbar_Base_BtnHover": "rgba(99,127,153,0.5)"
	},
	"scopes": {
		"sapContrast": {
			"_sap_ui_rta_Overlay_ActiveBG": "rgba(145,200,246,0.1)",
			"_sap_ui_rta_Overlay_BaseBG": "#3f5161",
			"_sap_ui_rta_Overlay_Border": "#91c8f6",
			"_sap_ui_rta_Overlay_ErrorBorder": "#ff8888",
			"_sap_ui_rta_Overlay_HoverBorder": "#4d6377"
		}
	}
}