{"root":{"sapBrandColor":"#FF0000","sapHighlightColor":"#FF0000","sapBaseColor":"#ffffff","sapShellColor":"transparent","sapBackgroundColor":"#fafafa","sapFontFamily":"\"72\", \"72full\", Arial, Helvetica, sans-serif","sapFontHeaderFamily":"\"72\", \"72full\", Arial, Helvetica, sans-serif","sapFontSize":".875rem","sapFontSmallSize":".75rem","sapFontLargeSize":"1rem","sapFontHeader1Size":"1.625rem","sapFontHeader2Size":"1.375rem","sapFontHeader3Size":"1.25rem","sapFontHeader4Size":"1.125rem","sapFontHeader5Size":"1rem","sapFontHeader6Size":".875rem","sapTextColor":"#333333","sapLinkColor":"#FF0000","sapLink_Hover_Color":"#FF0000","sapLink_Active_Color":"#FF0000","sapLink_Visited_Color":"#FF0000","sapLink_InvertedColor":"#7ed0ff","sapCompanyLogo":"url('../../../Base/baseLib/pizzacloud/img/misc/sapCompanyLogo.jpeg')","sapBackgroundImage":"none","sapBackgroundImageOpacity":"1.0","sapBackgroundImageRepeat":"false","sapSelectedColor":"#FF0000","sapActiveColor":"#FF0000","sapHighlightTextColor":"#fff","sapTitleColor":"#333333","sapNegativeColor":"#bb0000","sapCriticalColor":"#e78c07","sapPositiveColor":"#2b7c2b","sapInformativeColor":"#427cac","sapNeutralColor":"#5e696e","sapNegativeElementColor":"#bb0000","sapCriticalElementColor":"#e78c07","sapPositiveElementColor":"#2b7c2b","sapInformativeElementColor":"#427cac","sapNeutralElementColor":"#5e696e","sapNegativeTextColor":"#bb0000","sapPositiveTextColor":"#2b7c2b","sapCriticalTextColor":"#e78c07","sapInformativeTextColor":"#427cac","sapNeutralTextColor":"#5e696e","sapNeutralBorderColor":"#5e696e","sapErrorColor":"#e00","sapErrorBorderColor":"#e00","sapWarningColor":"#f9a429","sapWarningBorderColor":"#f9a429","sapSuccessColor":"#38a238","sapSuccessBorderColor":"#38a238","sapInformationColor":"#427cac","sapInformationBorderColor":"#427cac","sapErrorBackground":"#ffe4e4","sapWarningBackground":"#fef0db","sapSuccessBackground":"#e4f5e4","sapInformationBackground":"#ebf2f7","sapNeutralBackground":"#f4f5f6","sapIndicationColor_1":"#880000","sapIndicationColor_2":"#bb0000","sapIndicationColor_3":"#e78c07","sapIndicationColor_4":"#2b7c2b","sapIndicationColor_5":"#427cac","sapElement_LineHeight":"3rem","sapElement_Height":"2.5rem","sapElement_BorderWidth":".0625rem","sapContent_LineHeight":"1.4","sapContent_IconHeight":"1rem","sapContent_IconColor":"#c00","sapContent_ContrastIconColor":"#fff","sapContent_NonInteractiveIconColor":"#878787","sapContent_MarkerIconColor":"#678bc7","sapContent_MarkerTextColor":"#147575","sapContent_ImagePlaceholderBackground":"#e8e8e8","sapContent_ImagePlaceholderForegroundColor":"#fff","sapContent_RatedColor":"#e09d00","sapContent_UnratedColor":"#a5a5a5","sapContent_FocusColor":"#000","sapContent_ContrastFocusColor":"#fff","sapContent_ShadowColor":"#000","sapContent_ContrastShadowColor":"#fff","sapContent_SearchHighlightColor":"#d4f7db","sapContent_HelpColor":"#3f8600","sapContent_LabelColor":"#666","sapContent_MonospaceFontFamily":"lucida console, monospace","sapContent_DisabledTextColor":"rgba(51,51,51,0.5)","sapContent_DisabledOpacity":"0.5","sapContent_ContrastTextThreshold":"0.65","sapContent_ContrastTextColor":"#fff","sapContent_ForegroundColor":"#e5e5e5","sapContent_ForegroundBorderColor":"#bfbfbf","sapContent_ForegroundTextColor":"#333","sapContent_BadgeBackground":"#c14646","sapContent_DragAndDropActiveColor":"#FF0000","sapShell_Background":"#ffffff","sapShell_BackgroundImage":"none","sapShell_BackgroundGradient":"none","sapShell_BackgroundImageOpacity":"1.0","sapShell_BackgroundImageRepeat":"false","sapShell_BorderColor":"transparent","sapShell_TextColor":"#FF0000","sapShell_InteractiveTextColor":"#FF0000","sapShell_InteractiveBorderColor":"#bfbfbf","sapShell_GroupTitleTextColor":"#333333","sapShell_Hover_Background":"#c00","sapShell_Active_Background":"#FF0000","sapShell_Active_TextColor":"#fff","sapShell_Selected_Background":"#FF0000","sapShell_Selected_TextColor":"#fff","sapShell_Selected_Hover_Background":"#FF0000","sapShell_Favicon":"none","sapButton_BorderWidth":".0625rem","sapButton_BorderCornerRadius":".1875rem","sapButton_Background":"#f7f7f7","sapButton_BorderColor":"#ababab","sapButton_TextColor":"#c00","sapButton_Hover_Background":"#eaeaea","sapButton_Hover_BorderColor":"#ababab","sapButton_Hover_TextColor":"#c00","sapButton_IconColor":"#c00","sapButton_Active_Background":"#FF0000","sapButton_Active_BorderColor":"#FF0000","sapButton_Active_TextColor":"#fff","sapButton_Emphasized_Background":"#f33","sapButton_Emphasized_BorderColor":"#ff1919","sapButton_Emphasized_TextColor":"#fff","sapButton_Emphasized_Hover_Background":"#ff1919","sapButton_Emphasized_Hover_BorderColor":"#ff1919","sapButton_Emphasized_Active_Background":"#FF0000","sapButton_Emphasized_Active_BorderColor":"#FF0000","sapButton_Emphasized_TextShadow":"rgba(255,255,255,0.5)","sapButton_Accept_Background":"#f7f7f7","sapButton_Accept_BorderColor":"#2b7c2b","sapButton_Accept_Hover_Background":"#eaeaea","sapButton_Accept_Hover_BorderColor":"#2b7c2b","sapButton_Accept_Active_Background":"#2b7c2b","sapButton_Accept_Active_BorderColor":"#2b7c2b","sapButton_Accept_TextColor":"#2b7c2b","sapButton_Reject_Background":"#f7f7f7","sapButton_Reject_BorderColor":"#bb0000","sapButton_Reject_Hover_Background":"#eaeaea","sapButton_Reject_Hover_BorderColor":"#bb0000","sapButton_Reject_Active_Background":"#bb0000","sapButton_Reject_Active_BorderColor":"#bb0000","sapButton_Reject_TextColor":"#b00","sapButton_Lite_Background":"transparent","sapButton_Lite_BorderColor":"transparent","sapButton_Lite_TextColor":"#c00","sapButton_Lite_Hover_Background":"rgba(178,178,178,0.5)","sapButton_Lite_Hover_BorderColor":"transparent","sapButton_Lite_Active_Background":"#FF0000","sapButton_Lite_Active_BorderColor":"#FF0000","sapButton_Selected_Background":"#c00","sapButton_Selected_BorderColor":"#b30000","sapButton_Selected_TextColor":"#fff","sapButton_Selected_Hover_Background":"#f00","sapButton_Selected_Hover_BorderColor":"#f00","sapField_Background":"#ffffff","sapField_TextColor":"#000","sapField_PlaceholderTextColor":"#757575","sapField_BorderColor":"#bfbfbf","sapField_HelpBackground":"#ffffff","sapField_BorderWidth":".0625rem","sapField_BorderCornerRadius":"0","sapField_Hover_Background":"#ffffff","sapField_Hover_BorderColor":"#FF0000","sapField_Hover_HelpBackground":"#FF0000","sapField_Active_BorderColor":"#FF0000","sapField_Focus_Background":"#ffffff","sapField_Focus_BorderColor":"#bfbfbf","sapField_Focus_HelpBackground":"#ffffff","sapField_ReadOnly_Background":"rgba(242,242,242,0.5)","sapField_ReadOnly_BorderColor":"#ccc","sapField_ReadOnly_HelpBackground":"rgba(242,242,242,0.5)","sapField_RequiredColor":"#c14646","sapField_InvalidColor":"#e00","sapField_InvalidBackground":"#ffffff","sapField_WarningColor":"#f9a429","sapField_WarningBackground":"#ffffff","sapField_SuccessColor":"#38a238","sapField_SuccessBackground":"#ffffff","sapField_InformationColor":"#427cac","sapField_InformationBackground":"#ffffff","sapGroup_TitleBackground":"transparent","sapGroup_TitleBorderColor":"#ccc","sapGroup_TitleTextColor":"#333","sapGroup_ContentBackground":"#fff","sapGroup_ContentBorderColor":"#ebebeb","sapGroup_BorderWidth":".0625rem","sapGroup_BorderCornerRadius":"0","sapGroup_FooterBackground":"transparent","sapToolbar_Background":"transparent","sapToolbar_SeparatorColor":"rgba(63,81,97,0.2)","sapList_HeaderBackground":"#f7f7f7","sapList_HeaderBorderColor":"#e5e5e5","sapList_HeaderTextColor":"#333","sapList_BorderColor":"#e5e5e5","sapList_TextColor":"#333","sapList_Active_TextColor":"#fff","sapList_BorderWidth":".0625rem","sapList_Active_Background":"#FF0000","sapList_SelectionBackgroundColor":"#fff0f0","sapList_Hover_SelectionBackground":"#ffe1e1","sapList_Background":"#ffffff","sapList_Hover_Background":"#f0f0f0","sapList_GroupHeaderBackground":"#ffffff","sapList_GroupHeaderBorderColor":"#ccc","sapList_GroupHeaderTextColor":"#147575","sapList_FooterBackground":"#e8e8e8","sapList_FooterTextColor":"#333","sapList_TableGroupHeaderBackground":"#f2f2f2","sapList_TableGroupHeaderBorderColor":"#ccc","sapList_TableGroupHeaderTextColor":"#147575","sapList_TableFooterBorder":"#ccc","sapList_TableFixedBorderColor":"#999","sapScrollBar_FaceColor":"#FF0000","sapScrollBar_TrackColor":"#f99","sapScrollBar_BorderColor":"#FF0000","sapScrollBar_SymbolColor":"#c00","sapScrollBar_Dimension":".7rem","sapScrollBar_Hover_FaceColor":"#f00000","sapPageHeader_Background":"#ffffff","sapPageHeader_BorderColor":"#ebebeb","sapPageHeader_TextColor":"#666","sapPageFooter_Background":"#ffffff","sapPageFooter_BorderColor":"#ebebeb","sapPageFooter_TextColor":"#333","sapInfobar_Background":"#168282","sapInfobar_Hover_Background":"#147575","sapInfobar_Active_Background":"#FF0000","sapObjectHeader_Background":"#ffffff","sapObjectHeader_BorderColor":"#ebebeb","sapBlockLayer_Background":"#000","sapTile_Background":"#ffffff","sapTile_Hover_Background":"#f7f7f7","sapTile_Active_Background":"#f7f7f7","sapTile_BorderColor":"transparent","sapTile_TitleTextColor":"#FF0000","sapTile_TextColor":"#f66","sapTile_IconColor":"#ffffff","sapAccentColor1":"#e09d00","sapAccentColor2":"#e6600d","sapAccentColor3":"#c14646","sapAccentColor4":"#ab218e","sapAccentColor5":"#678bc7","sapAccentColor6":"#0092d1","sapAccentColor7":"#1a9898","sapAccentColor8":"#759421","sapAccentColor9":"#925ace","sapAccentColor10":"#647987","sapLegendColor1":"#ad7900","sapLegendColor2":"#dc5c0c","sapLegendColor3":"#c14646","sapLegendColor4":"#853808","sapLegendColor5":"#da3fb9","sapLegendColor6":"#008bc7","sapLegendColor7":"#198f8f","sapLegendColor8":"#6e8c1f","sapLegendColor9":"#648796","sapLegendColor10":"#80196a","sapLegendColor11":"#6f5925","sapLegendColor12":"#b64600","sapLegendColor13":"#d61818","sapLegendColor14":"#976c52","sapLegendColor15":"#73596d","sapLegendColor16":"#5d759e","sapLegendColor17":"#466c6c","sapLegendColor18":"#626b4a","sapLegendColor19":"#284d5d","sapLegendColor20":"#1851b0","sapChart_OrderedColor_1":"#5899da","sapChart_OrderedColor_2":"#e8743b","sapChart_OrderedColor_3":"#19a979","sapChart_OrderedColor_4":"#ed4a7b","sapChart_OrderedColor_5":"#945ecf","sapChart_OrderedColor_6":"#13a4b4","sapChart_OrderedColor_7":"#525df4","sapChart_OrderedColor_8":"#bf399e","sapChart_OrderedColor_9":"#6c8893","sapChart_OrderedColor_10":"#ee6868","sapChart_OrderedColor_11":"#2f6497","sapChart_Bad":"#dc0d0e","sapChart_Critical":"#de890d","sapChart_Good":"#3fa45b","sapChart_Neutral":"#848f94","sapChart_Sequence_1":"#5899da","sapChart_Sequence_2":"#e8743b","sapChart_Sequence_3":"#19a979","sapChart_Sequence_4":"#ed4a7b","sapChart_Sequence_5":"#945ecf","sapChart_Sequence_6":"#13a4b4","sapChart_Sequence_7":"#525df4","sapChart_Sequence_8":"#bf399e","sapChart_Sequence_9":"#6c8893","sapChart_Sequence_10":"#ee6868","sapChart_Sequence_11":"#2f6497","sapChart_Sequence_Neutral":"#848f94"},"sapContrast":{"sapBrandColor":"#427cac","sapHighlightColor":"#91c8f6","sapBaseColor":"#3f5161","sapBackgroundColor":"#3f5161","sapTextColor":"#fafafa","sapLinkColor":"#7ed0ff","sapLink_Hover_Color":"#7ed0ff","sapLink_Active_Color":"#7ed0ff","sapLink_Visited_Color":"#7ed0ff","sapLink_InvertedColor":"#0070b1","sapCompanyLogo":"none","sapSelectedColor":"#91c8f6","sapActiveColor":"#91c8f6","sapHighlightTextColor":"#2f3c48","sapTitleColor":"#fafafa","sapNegativeColor":"#ff8888","sapCriticalColor":"#fabd64","sapPositiveColor":"#abe2ab","sapInformativeColor":"#91c8f6","sapNeutralColor":"#d3d7d9","sapNegativeElementColor":"#ff8888","sapCriticalElementColor":"#fabd64","sapPositiveElementColor":"#abe2ab","sapInformativeElementColor":"#91c8f6","sapNeutralElementColor":"#d3d7d9","sapNegativeTextColor":"#ff8888","sapPositiveTextColor":"#abe2ab","sapCriticalTextColor":"#fabd64","sapInformativeTextColor":"#91c8f6","sapNeutralTextColor":"#d3d7d9","sapNeutralBorderColor":"#d3d7d9","sapErrorColor":"#ff8888","sapErrorBorderColor":"#ff8888","sapWarningColor":"#fabd64","sapWarningBorderColor":"#fabd64","sapSuccessColor":"#abe2ab","sapSuccessBorderColor":"#abe2ab","sapInformationColor":"#91c8f6","sapInformationBorderColor":"#91c8f6","sapErrorBackground":"#500","sapWarningBackground":"#5c3803","sapSuccessBackground":"#174417","sapInformationBackground":"#062e4f","sapNeutralBackground":"#393e41","sapIndicationColor_1":"#ff8888","sapIndicationColor_2":"#ffbbbb","sapIndicationColor_3":"#fabd64","sapIndicationColor_4":"#abe2ab","sapIndicationColor_5":"#91c8f6","sapContent_IconColor":"#cae4fb","sapContent_ContrastIconColor":"#2f3c48","sapContent_NonInteractiveIconColor":"#97aabb","sapContent_MarkerIconColor":"#8ca7d5","sapContent_MarkerTextColor":"#b7cfe4","sapContent_ImagePlaceholderBackground":"#69859d","sapContent_ImagePlaceholderForegroundColor":"#495e70","sapContent_UnratedColor":"#8ea3b6","sapContent_FocusColor":"#fff","sapContent_ContrastFocusColor":"#000","sapContent_SearchHighlightColor":"#058088","sapContent_LabelColor":"#ddd","sapContent_DisabledTextColor":"rgba(250,250,250,0.5)","sapContent_ContrastTextThreshold":"0.5","sapContent_ContrastTextColor":"#2f3c48","sapContent_ForegroundColor":"#4d6377","sapContent_ForegroundBorderColor":"#889eb1","sapContent_ForegroundTextColor":"#fafafa","sapContent_DragAndDropActiveColor":"#7ed0ff","sapShell_Background":"#6585a3","sapShell_BackgroundImage":"linear-gradient(to bottom, #2b4863, #9ebfde)","sapShell_BackgroundGradient":"linear-gradient(to bottom, #2b4863, #9ebfde)","sapShell_TextColor":"#fff","sapShell_InteractiveTextColor":"#fff","sapShell_InteractiveBorderColor":"#7891a7","sapShell_GroupTitleTextColor":"#fafafa","sapShell_Hover_Background":"#5f95c2","sapShell_Active_Background":"#91c8f6","sapShell_Active_TextColor":"#2f3c48","sapShell_Selected_Background":"#91c8f6","sapShell_Selected_TextColor":"#2f3c48","sapShell_Selected_Hover_Background":"#91c8f6","sapButton_Background":"#435667","sapButton_BorderColor":"#a0b2c1","sapButton_TextColor":"#cae4fb","sapButton_Hover_Background":"#4f657a","sapButton_Hover_BorderColor":"#a0b2c1","sapButton_Hover_TextColor":"#cae4fb","sapButton_IconColor":"#cae4fb","sapButton_Active_Background":"#91c8f6","sapButton_Active_BorderColor":"#91c8f6","sapButton_Active_TextColor":"#2f3c48","sapButton_Emphasized_Background":"#5496cd","sapButton_Emphasized_BorderColor":"#408ac7","sapButton_Emphasized_Hover_Background":"#408ac7","sapButton_Emphasized_Hover_BorderColor":"#408ac7","sapButton_Emphasized_Active_Background":"#91c8f6","sapButton_Emphasized_Active_BorderColor":"#91c8f6","sapButton_Emphasized_TextShadow":"rgba(0,0,0,0.5)","sapButton_Accept_Background":"#435667","sapButton_Accept_BorderColor":"#abe2ab","sapButton_Accept_Hover_Background":"#4f657a","sapButton_Accept_Hover_BorderColor":"#abe2ab","sapButton_Accept_Active_Background":"#abe2ab","sapButton_Accept_Active_BorderColor":"#abe2ab","sapButton_Accept_TextColor":"#abe2ab","sapButton_Reject_Background":"#435667","sapButton_Reject_BorderColor":"#ff8888","sapButton_Reject_Hover_Background":"#4f657a","sapButton_Reject_Hover_BorderColor":"#ff8888","sapButton_Reject_Active_Background":"#ff8888","sapButton_Reject_Active_BorderColor":"#ff8888","sapButton_Reject_TextColor":"#f88","sapButton_Lite_TextColor":"#cae4fb","sapButton_Lite_Hover_Background":"rgba(35,45,54,0.5)","sapButton_Lite_Active_Background":"#91c8f6","sapButton_Lite_Active_BorderColor":"#91c8f6","sapButton_Selected_Background":"#62b0f2","sapButton_Selected_BorderColor":"#4aa4f0","sapButton_Selected_TextColor":"#2f3c48","sapButton_Selected_Hover_Background":"#91c8f6","sapButton_Selected_Hover_BorderColor":"#91c8f6","sapField_Background":"#495e70","sapField_TextColor":"#fff","sapField_PlaceholderTextColor":"#c3d7e8","sapField_BorderColor":"#7891a7","sapField_HelpBackground":"#495e70","sapField_Hover_Background":"#495e70","sapField_Hover_BorderColor":"#91c8f6","sapField_Hover_HelpBackground":"#91c8f6","sapField_Active_BorderColor":"#91c8f6","sapField_Focus_Background":"#495e70","sapField_Focus_BorderColor":"#7891a7","sapField_Focus_HelpBackground":"#495e70","sapField_ReadOnly_Background":"transparent","sapField_ReadOnly_BorderColor":"#7891a7","sapField_ReadOnly_HelpBackground":"transparent","sapField_RequiredColor":"#d88b8b","sapField_InvalidColor":"#ff8888","sapField_InvalidBackground":"#495e70","sapField_WarningColor":"#fabd64","sapField_WarningBackground":"#495e70","sapField_SuccessColor":"#abe2ab","sapField_SuccessBackground":"#495e70","sapField_InformationColor":"#91c8f6","sapField_InformationBackground":"#495e70","sapGroup_TitleBorderColor":"#69859d","sapGroup_TitleTextColor":"#fafafa","sapGroup_ContentBackground":"#3f5161","sapGroup_ContentBorderColor":"#4f667a","sapToolbar_SeparatorColor":"rgba(239,244,249,0.2)","sapList_HeaderBackground":"#3c4d5c","sapList_HeaderBorderColor":"#4d6377","sapList_HeaderTextColor":"#fafafa","sapList_BorderColor":"#4d6377","sapList_TextColor":"#fafafa","sapList_Active_TextColor":"#fafafa","sapList_Active_Background":"#427cac","sapList_SelectionBackgroundColor":"#496b8a","sapList_Hover_SelectionBackground":"#4e7394","sapList_Background":"#3f5161","sapList_Hover_Background":"#45596a","sapList_GroupHeaderBackground":"#3f5161","sapList_GroupHeaderBorderColor":"#69859e","sapList_GroupHeaderTextColor":"#b7cfe4","sapList_FooterBackground":"#2f3c48","sapList_FooterTextColor":"#fafafa","sapList_TableGroupHeaderBackground":"#3b4c5b","sapList_TableGroupHeaderBorderColor":"#69859e","sapList_TableGroupHeaderTextColor":"#b7cfe4","sapList_TableFooterBorder":"#69859e","sapList_TableFixedBorderColor":"#9dafc0","sapScrollBar_FaceColor":"#0099db","sapScrollBar_TrackColor":"#3f5161","sapScrollBar_BorderColor":"#0099db","sapScrollBar_SymbolColor":"#cae4fb","sapScrollBar_Hover_FaceColor":"#00a4ea","sapPageHeader_Background":"#3f5161","sapPageHeader_BorderColor":"#4f667a","sapPageHeader_TextColor":"#fafafa","sapPageFooter_Background":"#2f3c48","sapPageFooter_BorderColor":"#475b6d","sapPageFooter_TextColor":"#fafafa","sapInfobar_Active_Background":"#427cac","sapObjectHeader_Background":"#3f5161","sapObjectHeader_BorderColor":"#4f667a","sapTile_Background":"#3f5161","sapTile_Hover_Background":"#45596a","sapTile_Active_Background":"#45596a","sapTile_TitleTextColor":"#fafafa","sapTile_TextColor":"#ddd","sapTile_IconColor":"#83c0f6","sapLegendColor1":"#ffb914","sapLegendColor2":"#f58c4b","sapLegendColor3":"#d88b8b","sapLegendColor4":"#bd8969","sapLegendColor5":"#de54c1","sapLegendColor6":"#00a4eb","sapLegendColor7":"#21c4c4","sapLegendColor8":"#afd645","sapLegendColor9":"#38c3ff","sapLegendColor10":"#b47ea9","sapLegendColor11":"#d1b575","sapLegendColor12":"#ffb98d","sapLegendColor13":"#ffa1a1","sapLegendColor14":"#d5b39e","sapLegendColor15":"#b8adb6","sapLegendColor16":"#c1c8d3","sapLegendColor17":"#a2c2c2","sapLegendColor18":"#aabc78","sapLegendColor19":"#6aafcd","sapLegendColor20":"#a2c0f2","sapChart_Bad":"#f55556","sapChart_Critical":"#f4ac44","sapChart_Good":"#69c683","sapChart_Neutral":"#9ea8ad","sapChart_Sequence_Neutral":"#9ea8ad"}}