{
	"zipInfo": {
		"creatorName": "Theming Engine",
		"creatorVersion": "1.43.2",
		"created": "2019-07-04T18:19:51Z",
		"lessVersion": "1.6.3",
		"compression": "none",
		"exportMode": "ALL_LOCAL"
	},
	"contentInfo": {
		"sourcePath": "https://flpnwc-zi0cj6gtuc.dispatcher.eu2.hana.ondemand.com/themedesigner/theming/repository/~v=Base:11.1.4,UR:10.30.7.314563.0,UI5:1.67.0",
		"frameworks": {
			"UR": {
				"version": "10.30.7.314563.0"
			},
			"UI5": {
				"version": "1.67.0"
			},
			"Base": {
				"version": "11.1.4"
			}
		},
		"libraries": {
			"UR.baseLib": {
				"version": "10.30.7.314563.0"
			},
			"UR.flash": {
				"version": "10.30.7.314563.0"
			},
			"UR.ls": {
				"version": "10.30.7.314563.0"
			},
			"UR.silverlight": {
				"version": "10.30.7.314563.0"
			},
			"UI5.sap/ca/ui": {
				"version": "1.67.0"
			},
			"UI5.sap/collaboration": {
				"version": "1.67.0"
			},
			"UI5.sap/f": {
				"version": "1.67.1"
			},
			"UI5.sap/fe": {
				"version": "1.67.0"
			},
			"UI5.sap/fileviewer": {
				"version": "1.67.0"
			},
			"UI5.sap/fiori": {
				"version": "1.67.0"
			},
			"UI5.sap/gantt": {
				"version": "1.67.0"
			},
			"UI5.sap/m": {
				"version": "1.67.1"
			},
			"UI5.sap/me": {
				"version": "1.67.1"
			},
			"UI5.sap/ovp": {
				"version": "1.67.0"
			},
			"UI5.sap/rules/ui": {
				"version": "1.67.0"
			},
			"UI5.sap/suite/ui/commons": {
				"version": "1.67.0"
			},
			"UI5.sap/suite/ui/generic/template": {
				"version": "1.67.0"
			},
			"UI5.sap/suite/ui/microchart": {
				"version": "1.67.1"
			},
			"UI5.sap/tnt": {
				"version": "1.67.1"
			},
			"UI5.sap/ui/codeeditor": {
				"version": "1.67.1"
			},
			"UI5.sap/ui/commons": {
				"version": "1.67.1"
			},
			"UI5.sap/ui/comp": {
				"version": "1.67.1"
			},
			"UI5.sap/ui/core": {
				"version": "1.67.1"
			},
			"UI5.sap/ui/dt": {
				"version": "1.67.1"
			},
			"UI5.sap/ui/export": {
				"version": "1.67.1"
			},
			"UI5.sap/ui/fl": {
				"version": "1.67.1"
			},
			"UI5.sap/ui/layout": {
				"version": "1.67.1"
			},
			"UI5.sap/ui/mdc": {
				"version": "1.67.1"
			},
			"UI5.sap/ui/richtexteditor": {
				"version": "1.67.1"
			},
			"UI5.sap/ui/rta": {
				"version": "1.67.1"
			},
			"UI5.sap/ui/suite": {
				"version": "1.67.1"
			},
			"UI5.sap/ui/table": {
				"version": "1.67.1"
			},
			"UI5.sap/ui/unified": {
				"version": "1.67.1"
			},
			"UI5.sap/ui/ux3": {
				"version": "1.67.1"
			},
			"UI5.sap/ui/vbm": {
				"version": "1.67.0"
			},
			"UI5.sap/ui/vk": {
				"version": "1.67.0"
			},
			"UI5.sap/ui/vtm": {
				"version": "1.67.0"
			},
			"UI5.sap/ushell": {
				"version": "1.67.0"
			},
			"UI5.sap/uxap": {
				"version": "1.67.1"
			},
			"UI5.sap/viz": {
				"version": "1.67.1"
			},
			"UI5.sap/zen/commons": {
				"version": "1.67.0"
			},
			"UI5.sap/zen/crosstab": {
				"version": "1.67.0"
			},
			"Base.baseLib": {
				"version": "11.1.4"
			}
		},
		"themes": {
			"pizzacloud": {
				"id": "pizzacloud",
				"extends": "sap_belize",
				"label": "Pizza Cloud",
				"vendor": "",
				"textDirections": "LTR"
			},
			"pizzacloud--Contrast": {
				"id": "pizzacloud--Contrast",
				"extends": "sap_belize_plus",
				"label": "",
				"vendor": "",
				"textDirections": ""
			}
		}
	}
}