{
	"default": {
		"_sap_suite_ui_generic_template_ALPConstants_KpiCardMinHeight": "37.5rem",
		"_sap_suite_ui_generic_template_ALPConstants_KpiCardMinWidth": "25rem",
		"_sap_suite_ui_generic_template_ALPConstants_KpiTagContainerMarginLeft": "21px",
		"_sap_suite_ui_generic_template_ALPConstants_KpiErrorPopOverContainerPadding": "10px",
		"_sap_suite_ui_generic_template_ALPConstants_KpiTagPaddingLeftRight": "0.75rem",
		"_sap_suite_ui_generic_template_ALPConstants_KpiTagCompactPaddingTopBottom": "0rem",
		"_sap_suite_ui_generic_template_ALPConstants_KpiTagCozyPaddingTopBottom": "0rem",
		"_sap_suite_ui_generic_template_ALPConstants_KpiTagContainerHeightCompact": "2rem",
		"_sap_suite_ui_generic_template_ALPConstants_KpiTagContainerHeightCozy": "3rem",
		"_sap_suite_ui_generic_template_ALPConstants_KpiTagHeightCozy": "2.25rem",
		"_sap_suite_ui_generic_template_ALPConstants_KpiTagCozyMarginTopBottom": "0rem",
		"_sap_suite_ui_generic_template_ALPConstants_KpiTagHeightCompact": "1.625rem",
		"_sap_suite_ui_generic_template_ALPConstants_KpiTagLineHeight": "1.4",
		"_sap_suite_ui_generic_template_ALPConstants_KpiTagMinWidth": "4.5rem",
		"_sap_suite_ui_generic_template_ALPConstants_KpiTagMarginTopBottom": "0rem",
		"_sap_suite_ui_generic_template_ALPConstants_KpiTagBorderWidth": "1px 1px 1px 3px",
		"_sap_suite_ui_generic_template_ALPConstants_KpiTagLeftMargin": "0rem",
		"_sap_suite_ui_generic_template_ALPConstants_KpiTagLeftPadding": "1rem",
		"_sap_suite_ui_generic_template_ALPConstants_KpiTagMarginInOverflow": "0.4rem 0.2rem 0.5rem 0.1rem",
		"_sap_suite_ui_generic_template_ALPConstants_VisualFilterMargin": "0 0.0625rem 0.0625rem 0.0625rem",
		"_sap_suite_ui_generic_template_ALPConstants_ChartTitlePadding": "0 0 0.5rem 0.25rem",
		"_sap_suite_ui_generic_template_ALPConstants_VisualFilterChartHeight": "10rem",
		"_sap_suite_ui_generic_template_ALPConstants_VisualFilterPadding": "0 0 0 1rem",
		"_sap_suite_ui_generic_template_ALPConstants_VisualFilterToolbarMargin": "2rem",
		"_sap_suite_ui_generic_template_ALPConstants_VisualFilterToolbarSapMiBarMargin": "1.25rem",
		"_sap_suite_ui_generic_template_ALPConstants_VisualFilterToolbarClosed": "1rem",
		"_sap_suite_ui_generic_template_ALPConstants_VFOverflowOpacity": "1.0",
		"_sap_suite_ui_generic_template_ALPConstants_VFOverflowFontSize": "0.875rem",
		"_sap_suite_ui_generic_template_ALPConstants_SelectedLinkDialogWidth": "15rem",
		"_sap_suite_ui_generic_template_ALPConstants_BackgroundColorNone": "none",
		"_sap_suite_ui_generic_template_ALPConstants_BackgroundOpacity": ".5",
		"_sap_suite_ui_generic_template_ALPConstants_ShowSelectedPadding": ".5rem",
		"_sap_suite_ui_generic_template_ALPConstants_BackgroundColorLightGrey": "#e6edf3",
		"_sap_suite_ui_generic_template_ALPConstants_ToolbarMarginBottom": "0.75rem",
		"_sap_suite_ui_generic_template_ALPConstants_PageTitlePadding": "0 2rem 0.5rem 2.4rem",
		"_sap_suite_ui_generic_template_ALPConstants_PageChartTitlePadding": "0.2rem 0 0.5rem 0.15rem",
		"_sap_suite_ui_generic_template_ALPConstants_PageHeadingPadding": "0.5rem 2.75rem 0.5rem 1.8rem",
		"_sap_suite_ui_generic_template_ALPConstants_PageContentPadding": "1rem 2rem 1rem 2rem",
		"_sap_suite_ui_generic_template_ALPConstants_ZeroPadding": "0 0 0 0",
		"_sap_suite_ui_generic_template_ALPConstants_PageChartMinHeight": "15rem"
	},
	"scopes": {
		"sapContrast": {}
	}
}