{
	"default": {
		"_sap_suite_ui_microchart_InteractiveBarChart_BarBackground": "#FF0000",
		"_sap_suite_ui_microchart_InteractiveBarChart_BarHoverBackground": "rgba(255,0,0,0.2)",
		"_sap_suite_ui_microchart_InteractiveBarChart_BarSelectedBackground": "rgba(255,0,0,0.2)",
		"_sap_suite_ui_microchart_InteractiveBarChart_BarSelectedHoverBackground": "rgba(255,0,0,0.4)",
		"_sap_suite_ui_microchart_InteractiveBarChart_BarHoverBorder": "rgba(255,0,0,0.6)",
		"_sap_suite_ui_microchart_InteractiveDonutChart_SegmentHoverBackground": "rgba(255,0,0,0.2)",
		"_sap_suite_ui_microchart_InteractiveDonutChart_SegmentSelectedBackground": "rgba(255,0,0,0.4)",
		"_sap_suite_ui_microchart_InteractiveDonutChart_SegmentSelectedHoverBackground": "rgba(255,0,0,0.6)",
		"_sap_suite_ui_microchart_InteractiveDonutChart_SegmentBorderHover": "rgba(255,0,0,0.4)",
		"_sap_suite_ui_microchart_InteractiveDonutChart_SegmentBorderHoverSelected": "rgba(255,0,0,0.8)",
		"_sap_suite_ui_microchart_InteractiveDonutChart_SegmentBorder": "#FF0000",
		"_sap_suite_ui_microchart_InteractiveDonutChart_SegmentFillColor": "#FF0000",
		"_sap_suite_ui_microchart_InteractiveLineChart_LineColor": "#FF0000",
		"_sap_suite_ui_microchart_InteractiveLineChart_SectionHoverBackground": "rgba(255,0,0,0.2)",
		"_sap_suite_ui_microchart_InteractiveLineChart_SectionHoverBorder": "rgba(255,0,0,0.6)",
		"_sap_suite_ui_microchart_InteractiveLineChart_SectionSelectedBackground": "rgba(255,0,0,0.2)",
		"_sap_suite_ui_microchart_InteractiveLineChart_SectionSelectedHoverBackground": "rgba(255,0,0,0.4)",
		"_sap_suite_ui_microchart_InteractiveLineChart_BottomLabelBorderColor": "#333",
		"_sap_suite_ui_microchart_InteractiveLineChart_DividerColor": "#333",
		"_sap_suite_ui_microchart_InteractiveLineChart_SelectedPointBorder": "rgba(255,0,0,0.2)",
		"_sap_suite_ui_microchart_InteractiveLineChart_HoverPointBorder": "rgba(255,0,0,0.2)",
		"_sap_suite_ui_microchart_InteractiveLineChart_SelectedHoverPointBorder": "rgba(255,0,0,0.4)"
	},
	"scopes": {
		"sapContrast": {
			"_sap_suite_ui_microchart_InteractiveBarChart_BarBackground": "#91c8f6",
			"_sap_suite_ui_microchart_InteractiveBarChart_BarHoverBackground": "rgba(145,200,246,0.2)",
			"_sap_suite_ui_microchart_InteractiveBarChart_BarSelectedBackground": "rgba(145,200,246,0.2)",
			"_sap_suite_ui_microchart_InteractiveBarChart_BarSelectedHoverBackground": "rgba(145,200,246,0.4)",
			"_sap_suite_ui_microchart_InteractiveBarChart_BarHoverBorder": "rgba(145,200,246,0.6)",
			"_sap_suite_ui_microchart_InteractiveDonutChart_SegmentHoverBackground": "rgba(145,200,246,0.2)",
			"_sap_suite_ui_microchart_InteractiveDonutChart_SegmentSelectedBackground": "rgba(145,200,246,0.2)",
			"_sap_suite_ui_microchart_InteractiveDonutChart_SegmentSelectedHoverBackground": "rgba(145,200,246,0.4)",
			"_sap_suite_ui_microchart_InteractiveDonutChart_SegmentBorderHover": "rgba(145,200,246,0.4)",
			"_sap_suite_ui_microchart_InteractiveDonutChart_SegmentBorderHoverSelected": "rgba(145,200,246,0.8)",
			"_sap_suite_ui_microchart_InteractiveDonutChart_SegmentBorder": "rgba(145,200,246,0.8)",
			"_sap_suite_ui_microchart_InteractiveDonutChart_SegmentFillColor": "#91c8f6",
			"_sap_suite_ui_microchart_InteractiveLineChart_LineColor": "#91c8f6",
			"_sap_suite_ui_microchart_InteractiveLineChart_SectionHoverBackground": "rgba(145,200,246,0.2)",
			"_sap_suite_ui_microchart_InteractiveLineChart_SectionHoverBorder": "rgba(145,200,246,0.6)",
			"_sap_suite_ui_microchart_InteractiveLineChart_SectionSelectedBackground": "rgba(145,200,246,0.2)",
			"_sap_suite_ui_microchart_InteractiveLineChart_SectionSelectedHoverBackground": "rgba(145,200,246,0.4)",
			"_sap_suite_ui_microchart_InteractiveLineChart_BottomLabelBorderColor": "#fff",
			"_sap_suite_ui_microchart_InteractiveLineChart_DividerColor": "#fff",
			"_sap_suite_ui_microchart_InteractiveLineChart_SelectedPointBorder": "#4f697f",
			"_sap_suite_ui_microchart_InteractiveLineChart_HoverPointBorder": "#4f697f",
			"_sap_suite_ui_microchart_InteractiveLineChart_SelectedHoverPointBorder": "#60819d"
		}
	}
}