{
	"default": {
		"sapVizChartBackgroundColor": "#fafafa",
		"sapVizChartErrorColor": "#333",
		"sapVizChartTooltipBackgroundColor": "#fafafa",
		"sapVizChartBackgroundStroke": "#d8d8d8",
		"sapVizChartPieSectorStroke": "#fafafa",
		"sapVizChartHoverColor": "#CCCCCC",
		"sapVizChartHoverline": "#CCCCCC",
		"sapVizChartHoverShadow": "#CCCCCC",
		"sapVizChartHoverShadowMouseDown": "#808080",
		"sapVizChartInnerWhisker": "#000000",
		"sapVizChartTitleColor": "#333333",
		"sapVizChartLabelColor": "#333333",
		"sapVizChartAxisColor": "#333333",
		"sapVizChartAxisGridlineColor": "#d8d8d8",
		"sapVizChartTooltipBorderStroke": "#d8d8d8",
		"sapVizChartHiddenTitleColor": "#a6a6a6",
		"sapFieldBorderWidth": ".0625rem",
		"sapUiChartFocusWidth": "2px"
	},
	"scopes": {
		"sapContrast": {
			"sapVizChartBackgroundColor": "#3f5161",
			"sapVizChartErrorColor": "#fafafa",
			"sapVizChartTooltipBackgroundColor": "#3f5161",
			"sapVizChartPieSectorStroke": "#3f5161",
			"sapVizChartTitleColor": "#fafafa",
			"sapVizChartLabelColor": "#fafafa",
			"sapVizChartAxisColor": "#fafafa"
		}
	}
}