{
	"default": {
		"sapUiShellHoverToggleBackground": "#0F5D94",
		"sapUshellOnePixel": "1px",
		"sapUshellTwoPixels": "0.125rem",
		"query-4k": "screen and (min-width : 3600px)",
		"query-desktop": "screen and (min-width : 1280px)",
		"query-tablet": "screen and (min-width : 800px) and (max-width : 1279px)",
		"query-phone": "screen and (max-width : 799px)",
		"query-size-large": "screen and (min-width : 768px)",
		"query-size-medium": "screen and (min-width : 560px) and (max-width : 768px)",
		"query-size-small": "screen and (max-width : 560px)",
		"query-size-min-1920": "screen and (min-width : 1920px)",
		"query-size-min-1600": "screen and (min-width : 1600px)",
		"query-size-min-1440": "screen and (min-width : 1440px)",
		"query-size-min-1280": "screen and (min-width : 1280px)",
		"query-size-min-1150": "screen and (min-width : 1150px)",
		"query-size-min-1024": "screen and (min-width : 1024px)",
		"query-size-min-601": "screen and (min-width : 601px)",
		"query-size-max-600": "screen and (max-width : 600px)",
		"query-size-max-1023": "screen and (max-width : 1023px)",
		"query-size-max-1023-docking": "screen and (max-width : 1439px)",
		"query-size-min-1024-docking": "screen and (min-width : 608px)",
		"query-size-min-1280-docking": "screen and (min-width : 864px)",
		"query-size-min-1440-docking": "screen and (min-width : 1024px)",
		"query-size-max-1440-docking": "screen and (max-width : 1024px)",
		"query-size-min-1600-docking": "screen and (min-width : 1184px)",
		"query-size-max-1600-docking": "screen and (max-width : 1184px)",
		"query-size-min-1920-docking": "screen and (min-width : 1504px)",
		"query-size-max-1920-docking": "screen and (max-width : 1504px)",
		"sapUshellShellHeaderBarHeight": "2.75rem",
		"sapUshellShellHeadHeight": "2.75rem",
		"sapUshellCoPilotDockingWidth": "26rem",
		"sapUshellAnchorItemPaddingLeft": "1rem",
		"sapUshellAnchorItemPaddingRight": "1rem",
		"sapUshellAnchorItemsPopoverMinWidth": "10rem",
		"sapUshellAnchorItemsPopoverMaxWidth": "40rem",
		"sapUshellAnchorItemsPopoverHeight": "20rem",
		"sapUshellAnchorItemSelectedBorderWidth": "2px",
		"sapUshellAnchorNavigationBarHeight": "3rem",
		"sapUshellAnchorNavigationBarMarginTop": "1rem",
		"sapUshellCatalogHeaderMarginTop": "2rem",
		"sapUshellCatalogHeaderMarginBottom": "1rem",
		"sapUshellCatalogMenuBarHeight": "2.5rem",
		"sapUshellCatalogSelectorHeight": "2.5rem",
		"sapUshellCatalogSelectorLineHeight": "2.5rem",
		"sapUshellCatalogSelectorBorderWidth": "1px",
		"sapUshellCatalogSelectorLabelPaddingTop": "0",
		"sapUshellCatalogSelectorLabelPaddingRight": "3rem",
		"sapUshellCatalogSelectorLabelPaddingBottom": "0",
		"sapUshellCatalogSelectorLabelPaddingLeft": "1rem",
		"sapUshellCatalogButtonBorderWidth": "1px",
		"sapUshellCatalogSelectWidthDesktop": "17rem",
		"sapUshellRem": "16px",
		"sapUshellDashboardMargin": "0.5rem",
		"sapUshellDashboardPaddingBottom": "1rem",
		"sapUshellDashboardMarginSides": "2rem",
		"sapUshellDashboardPaddingRight": "0.5rem",
		"sapUshellNumberOfMaxTilesInARow": "8",
		"sapUshellNumberOfMaxTilesInARowTablet": "5",
		"sapUshellNumberOfMinTilesInARowPhone": "2",
		"sapUshellTileContainerOffsetForBorder": "0rem",
		"sapUshellDynamicTileNumberFontSizeDesktop": "3rem",
		"sapUshellDynamicTileNumberFontSizePhone": "2rem",
		"sapUshellDynamicTileNumberMarginDesktop": "0.5rem",
		"sapUshellDynamicTileNumberMarginPhone": "0.19rem",
		"sapUshellDynamicTileNumberFactorFontSizeDesktop": "0.88rem",
		"sapUshellDynamicTileNumberFactorFontSizePhone": "0.88rem",
		"sapUshellDynamicTileBottomDesktop": "1.875rem",
		"sapUshellDynamicTileBottomPhone": "1.750rem",
		"sapUshellLoadingFlowerLeafBackgroundColor": "#009de0",
		"sapUshellLoadingFlowerLeafBorderColor": "#fff",
		"sapUshellBaseColorOfLeavesForSandbox": "#259183",
		"sapUshellOpenCatalogButtonBorderRadius": "0.5rem",
		"sapUshellGroupListItemPlaceholderHeight": "3rem",
		"sapUshellListItemHeight": "3rem",
		"sapUshellListItemHeightCompact": "2rem",
		"sapUshellGroupListPaddingLeft": "1rem",
		"sapUshellImageTileBottomDesktop": "2.13rem",
		"sapUshellImageTileWidthDesktop": "10rem",
		"sapUshellImageTileHeightDesktop": "4.63rem",
		"sapUshellImageTileBottomPhone": "1.5rem",
		"sapUshellImageTileWidthPhone": "8rem",
		"sapUshellImageTileHeightPhone": "3.13rem",
		"_sap_ushell_GridContainerSpacing": "0.5rem",
		"sapUshellMeAeraLeftPaddingTiny": "1rem",
		"sapUshellMeAeraLeftPaddingSmall": "3rem",
		"sapUshellMeAeraLeftPaddingMedium": "6rem",
		"sapUshellMeAeraLeftPaddingLarge": "9rem",
		"sapUshellMeAeraRightPaddingTiny": "1rem",
		"sapUshellMeAeraRightPaddingSmall": "3rem",
		"sapUshellMeAeraRightPaddingMedium": "6rem",
		"sapUshellMeAeraRightPaddingLarge": "9rem",
		"sapUshellNavTreeListItemWidth": "18rem",
		"sapUshellNavTreeListItemHeight": "3rem",
		"sapUshellNavTreeIconSize": "1rem",
		"sapUshellNavTreeIconPadding": "1rem",
		"sapUshellNavTreeSinglePadding": "1rem",
		"sapUshellNavTreeParentPadding": "1rem",
		"sapUshellNavTreeChildPadding": "3.5rem",
		"sapUshellNotificationsLeftPaddingTiny": "1rem",
		"sapUshellNotificationsLeftPaddingMedium": "6rem",
		"sapUshellNotificationsLeftPaddingLarge": "9rem",
		"sapUshellPlusTileIconFontSize": "1.8em",
		"sapUshellRightFloatingContainerItemWidth": "20rem",
		"searchPhoneSize": "(max-width: 767px)",
		"searchTabletSize": "(min-width: 768px) and (max-width: 1150px)",
		"searchNotPhoneSize": "(min-width: 768px)",
		"searchDesktopSize": "(min-width: 1151px)",
		"sapUshellSplitContAnimationDuration": "500ms",
		"sapUshellTileWidthDesktop": "11rem",
		"sapUshellTileHeightDesktop": "11rem",
		"sapUshellTileLongWidthDesktop": "22.4375rem",
		"sapUshellTileLongHeightDesktop": "11rem",
		"sapUshellTileWidthPhone": "9.25rem",
		"sapUshellTileHeightPhone": "9.25rem",
		"sapUshellTileLongWidthPhone": "19rem",
		"sapUshellTileLongHeightPhone": "9.25rem",
		"sapUshellTileSpacingDesktop": "0.4375rem",
		"sapUshellTileShadowWidth": "0.25rem",
		"sapUshellTileSpacingBottomDesktop": "1rem",
		"sapUshellTileSpacingPhone": "0.4375rem",
		"sapUshellTileSpacingBottomPhone": "1rem",
		"sapUshellTileFooterHeight": "2rem",
		"sapUshellTileFooterWidth": "4rem",
		"sapUshellTileFooterCornerRadius": "0.25rem",
		"sapUshellTileFloat": "left",
		"sapUshellTileCursor": "pointer",
		"sapUshellTileFooterLineHeight": "inherit",
		"sapUshellTileBorderThickness": "0",
		"sapUshellTileBorderRadiusDesktop": "0.125rem",
		"sapUshellTileBorderRadiusPhone": "0.125rem",
		"sapUshellTileFooterPosition": "relative",
		"sapUshellTileFooterPositionTop": "0.44rem",
		"sapUshellTileFooterTextAlignment": "center",
		"sapUshellTileBaseTextHighlightBgcolor": "#fef0db",
		"sapUshellTileBaseTitleFontFamily": "Arial, Helvetica, sansSerif",
		"sapUshellTileBaseTitleFontWeight": "normal",
		"sapUshellTileBaseTitleFontSizeDesktop": "1rem",
		"sapUshellTileBaseTitleLineHeightDesktop": "1.25rem",
		"sapUshellTileBaseTitleMaxHeightDesktop": "2.4rem",
		"sapUshellTileBaseTitleFontSizePhone": "0.875rem",
		"sapUshellTileBaseTitleLineHeightPhone": "1.25rem",
		"sapUshellTileBaseSubtitleFontFamily": "\"72\", \"72full\", Arial, Helvetica, sans-serif",
		"sapUshellTileBaseSubtitleFontWeight": "normal",
		"sapUshellTileBaseSubtitleFontSizeDesktop": "0.875rem",
		"sapUshellTileBaseSubtitleLineHeightDesktop": "1.375rem",
		"sapUshellTileBaseSubtitleFontSizePhone": "0.75rem",
		"sapUshellTileBaseSubtitleLineHeightPhone": "1.125rem",
		"sapUshellTileBaseBottomlineFontFamily": "\"72\", \"72full\", Arial, Helvetica, sans-serif",
		"sapUshellTileBaseBottomlineFontWeight": "normal",
		"sapUshellTileBaseBottomlineColor": "lightgray",
		"sapUshellTileBaseBottomlineFontSizeDesktop": "0.875rem",
		"sapUshellTileBaseBottomlineLineHeightDesktop": "1.38rem",
		"sapUshellTileBaseBottomlineBottomDesktop": "0.125rem",
		"sapUshellTileBaseBottomlineFontSizePhone": "0.75rem",
		"sapUshellTileBaseBottomlineLineHeightPhone": "1.13rem",
		"sapUshellTileBaseBottomlineBottomPhone": "0.31rem",
		"sapUshellTileBaseIconBottomDesktop": "2rem",
		"sapUshellTileBaseIconFontSizeDesktop": "2.25rem",
		"sapUshellTileBaseIconBottomPhone": "1.81rem",
		"sapUshellTileBaseIconFontSizePhone": "1.5rem",
		"sapUshellTileBasePaddingDesktopHorizontal": "0.5rem",
		"sapUshellTileBasePaddingDesktopVertical": "0.5rem",
		"sapUshellTileBasePaddingPhoneHorizontal": "0.375rem",
		"sapUshellTileBasePaddingPhoneVertical": "0.625rem",
		"sapUshellTileContainerSpacing": "0.5rem",
		"sapUshellTileContainerSpacingDesktop": "0.5rem 0 0.5rem 0.5rem",
		"sapUshellTileContainerSpacingMobileLeft": "0.5rem",
		"sapUshellTileContainerSpacingMobile": "0 0 0 0.5rem",
		"sapUshellTileContainerCatalogGroupTitleMarginTopDesktop": "1rem",
		"sapUshellTileContainerCatalogGroupTitleMarginBottomDesktop": "1.5rem",
		"sapUshellTileContainerCatalogGroupTitleMarginTopPhone": "1rem",
		"sapUshellTileContainerCatalogGroupTitleMarginBottomPhone": "1.5rem",
		"sapUshellTileContainerDashboardGroupTitleFontSizeDesktop": "1.125rem",
		"sapUshellTileContainerDashboardGroupTitleFontSizePhone": "1.125rem",
		"sapUshellLinksSpacing": "0.5rem",
		"sapUshellTilePlaceHolderBorder": "0.125rem",
		"sapUshellToolAreaItemWidth": "15rem",
		"sapUshellToolAreaItemWidthPhone": "13rem",
		"sapUshellToolAreaItemHeigth": "3.0625rem",
		"sapUshellViewPortFullWidth": "100%",
		"sapUshellLeftViewPortWidthXS": "36rem",
		"sapUshellLeftViewPortWidthS": "39rem",
		"sapUshellLeftViewPortWidthM": "47rem",
		"sapUshellLeftViewPortWidthL": "50rem",
		"sapUshellRightViewPortWidthXS": "39rem",
		"sapUshellRightViewPortWidthS": "49rem",
		"sapUshellRightViewPortWidthM": "55rem",
		"sapUshellRightViewPortWidthL": "60rem",
		"sapUshellRightViewPortWidthXL": "65rem",
		"sapUshellRightViewPortWidthXXL": "68rem",
		"sapUshellRightViewPortNegativeWidthXS": "-39rem",
		"sapUshellRightViewPortNegativeWidthS": "-49rem",
		"sapUshellRightViewPortNegativeWidthM": "-55rem",
		"sapUshellRightViewPortNegativeWidthL": "-60rem",
		"sapUshellRightViewPortNegativeWidthXL": "-65rem",
		"sapUshellRightViewPortNegativeWidthXXL": "-68rem",
		"sapUshellActiveTile": "rgba(255,255,255,0.3)",
		"sapUshellSelectedTile": "rgba(255,0,0,0.4)",
		"sapUshellAnchorItemNotRenderedColor": "rgba(255,255,255, 0.5)",
		"sapUshellOverflowArrowsLowerGradient": "rgba(0, 0, 0, 1)",
		"sapUshellOverflowArrowsUpperGradient": "rgba(0, 0, 0, 0)",
		"sapUshellOverflowArrowsHoverColor": "#c00",
		"sapUshellAnchorBarLine": "rgba(255,0,0,0.1)",
		"sapUshellPopupOpenButtonHoverColor": "rgba(204,0,0,0.15)",
		"sapUshellCatalogMenuBarBackground": "transparent",
		"sapUshellCatalogMenuBarBoxShadow": "none",
		"loadingDialogBackgroundColor": "#ffffff",
		"sapUshellImageBorder": "rgba(255,0,0,0.15)",
		"sapUshellRecentActivitiesLine": "rgba(204,0,0,0.4)",
		"sapNotificationListItemBG": "#3f5161",
		"sapUshellHeaderHoverColor": "rgba(204,0,0,0.15)",
		"sapUshellShellBackgroundShapesColor": "rgba(255,255,255,0.08)",
		"sapUshellTileTextColor": "#f66",
		"sapUshellTileBorderColor": "transparent",
		"sapUshellTileFooterBorder": "transparent",
		"sapUshellTileFooterFontSize": "1rem",
		"sapUshellTileFooterIconColor": "#f66",
		"sapUshellTileBaseTitleColor": "#f66",
		"sapUshellTileBaseSubtitleColor": "#fcc",
		"sapUshellGroupHeaderTitleColor": "#FF0000",
		"sapUshellTileContainerDashboardGroupTitleFontFamily": "\"72\", \"72full\", Arial, Helvetica, sans-serif",
		"sapUshellTileContainerDashboardGroupTitleFontWeight": "normal",
		"sapUshellTileContainerEditModeBGColor": "rgba(255,255,255,0.3)",
		"sapUshellTileContainerHeaderActionsButtonHover": "rgba(178,178,178,0.5)",
		"sapUshellTileContainerCloneColor": "transparent",
		"sapUshellTileContainerPlaceholderColor": "#FF0000",
		"sapUshellTileContainerAddGroupText": "#c00",
		"sapUshellLinkContainerBackgroundColor": "#fff5f5",
		"sapUshellHiddenGroupBackground": "rgba(184,184,184,0.1)",
		"sapUshellTileContainerCatalogGroupTitleFontFamily": "\"72\", \"72full\", Arial, Helvetica, sans-serif",
		"sapUshellTileContainerCatalogGroupTitleFontWeight": "normal",
		"sapUshellToolAreaItemHoverBG": "#45596a",
		"sapUshellToolAreaItemBG": "#3f5161",
		"sapUshellToolAreaItemSelectedBG": "#416b8e",
		"sapUshellToolAreaItemIconColor": "#b7cee4",
		"sapUshellToolAreaItemSeparatorColor": "#4d6376"
	},
	"scopes": {
		"sapContrast": {
			"sapUshellTileBaseTextHighlightBgcolor": "#5c3803",
			"sapUshellActiveTile": "rgba(63,81,97,0.3)",
			"sapUshellSelectedTile": "rgba(145,200,246,0.4)",
			"sapUshellOverflowArrowsHoverColor": "#cae4fb",
			"sapUshellAnchorBarLine": "rgba(255,255,255,0.1)",
			"sapUshellPopupOpenButtonHoverColor": "rgba(239,244,249,0.15)",
			"loadingDialogBackgroundColor": "#6585a3",
			"sapUshellImageBorder": "rgba(255,255,255,0.15)",
			"sapUshellRecentActivitiesLine": "rgba(202,228,251,0.4)",
			"sapUshellHeaderHoverColor": "rgba(239,244,249,0.15)",
			"sapUshellTileTextColor": "#ddd",
			"sapUshellTileFooterIconColor": "#ddd",
			"sapUshellTileBaseTitleColor": "#ddd",
			"sapUshellTileBaseSubtitleColor": "#fff",
			"sapUshellGroupHeaderTitleColor": "#fff",
			"sapUshellTileContainerEditModeBGColor": "rgba(63,81,97,0.3)",
			"sapUshellTileContainerHeaderActionsButtonHover": "rgba(99,127,153,0.5)",
			"sapUshellTileContainerPlaceholderColor": "#fff",
			"sapUshellTileContainerAddGroupText": "#cae4fb",
			"sapUshellLinkContainerBackgroundColor": "#ebf2f7",
			"sapUshellHiddenGroupBackground": "rgba(42,62,80,0.1)"
		}
	}
}