{
	"default": {
		"_sap_suite_ui_commons_StatusIndicator_SmallLabelMargin": "0.375rem",
		"_sap_suite_ui_commons_StatusIndicator_MediumLabelMargin": "0.5rem",
		"_sap_suite_ui_commons_StatusIndicator_LargeLabelMargin": "0.75rem",
		"_sap_suite_ui_commons_StatusIndicator_ExtraLargeLabelMargin": "1rem",
		"_sap_suite_ui_commons_ThingCollection_Bg": "#5C6E7D",
		"_sap_suite_ui_commons_ThingCollection_LightBg": "#8EA5B9",
		"_sap_suite_ui_commons_ThreePanelThingViewer_HeaderBgHEX": "#F8F8F8",
		"_sap_suite_ui_commons_ThreePanelThingViewer_HeaderBgRGBA": "rgba(248, 248, 248, .85)",
		"_sap_suite_ui_commons_ThreePanelThingViewer_FacetBgRGBA": "rgba(255, 255, 255, .85)",
		"_sap_suite_ui_commons_ThreePanelThingViewer_TitleBgRGBA": "rgba(255, 255, 255, 0)",
		"_sap_suite_ui_commons_VerticalNavigationBar_BgRGBA": "rgba(255, 255, 255, .85)",
		"_sap_suite_ui_commons_VerticalNavigationBar_BorderColor": "#848484",
		"_sap_suite_ui_commons_VerticalNavigationBar_Shadow": "4px 4px 5px rgba(0, 0, 0, 0.4)",
		"_sap_suite_ui_commons_ProcessFlowConnection_StateRegular": "#999",
		"_sap_suite_ui_commons_ProcessFlowConnection_StateSelected": "#737373",
		"_sap_suite_ui_commons_ProcessFlowConnection_StateDimmed": "#cecece",
		"_sap_suite_ui_commons_ProcessFlowConnectionLabel_BorderDimmed": "#d1d1d1",
		"_sap_suite_ui_commons_ProcessFlowLaneHeader_PositiveColor": "#339333",
		"_sap_suite_ui_commons_ProcessFlowLaneHeader_NegativeColor": "#da0000",
		"_sap_suite_ui_commons_ProcessFlowLaneHeader_CriticalColor": "#f89c15",
		"_sap_suite_ui_commons_ProcessFlowLaneHeader_NeutralColor": "#839095",
		"_sap_suite_ui_commons_ProcessFlowNode_BorderColorRegular": "#bfbfbf",
		"_sap_suite_ui_commons_ProcessFlowNode_BackgroundRegular": "#fff",
		"_sap_suite_ui_commons_ProcessFlowNode_BorderColorRegularPlanned": "#d3d3d3",
		"_sap_suite_ui_commons_ProcessFlowNode_TextColorPlanned": "#333",
		"_sap_suite_ui_commons_ProcessFlowNode_BackgroundHighlighted": "#fff",
		"_sap_suite_ui_commons_ProcessFlowNode_BackgroundDimmed": "#fff",
		"_sap_suite_ui_commons_ProcessFlowNode_BorderColorDimmed": "#e5e5e5",
		"_sap_suite_ui_commons_ProcessFlowNode_TextColorDimmed": "#666",
		"_sap_suite_ui_commons_ProcessFlowNode_BackgroundHover": "#f2f2f2",
		"_sap_suite_ui_commons_ProcessFlowNode_BackgroundFocused": "#fff",
		"_sap_suite_ui_commons_ProcessFlowNode_BorderColorFocused": "#0092d1",
		"_sap_suite_ui_commons_ProcessFlowNode_BorderColorFocusedDimmed": "#84daff"
	},
	"scopes": {
		"sapContrast": {
			"_sap_suite_ui_commons_ProcessFlowConnection_StateRegular": "#889eb1",
			"_sap_suite_ui_commons_ProcessFlowConnection_StateSelected": "#a7b7c5",
			"_sap_suite_ui_commons_ProcessFlowConnection_StateDimmed": "#587086",
			"_sap_suite_ui_commons_ProcessFlowConnectionLabel_BorderDimmed": "#5d788f",
			"_sap_suite_ui_commons_ProcessFlowLaneHeader_PositiveColor": "#abe2ab",
			"_sap_suite_ui_commons_ProcessFlowLaneHeader_NegativeColor": "#ff8888",
			"_sap_suite_ui_commons_ProcessFlowLaneHeader_CriticalColor": "#fabd64",
			"_sap_suite_ui_commons_ProcessFlowLaneHeader_NeutralColor": "#d3d7d9",
			"_sap_suite_ui_commons_ProcessFlowNode_BorderColorRegular": "#8ea3b5",
			"_sap_suite_ui_commons_ProcessFlowNode_BackgroundRegular": "#435667",
			"_sap_suite_ui_commons_ProcessFlowNode_BorderColorRegularPlanned": "#8299ad",
			"_sap_suite_ui_commons_ProcessFlowNode_TextColorPlanned": "#ddd",
			"_sap_suite_ui_commons_ProcessFlowNode_BackgroundHighlighted": "#435667",
			"_sap_suite_ui_commons_ProcessFlowNode_BackgroundDimmed": "#435667",
			"_sap_suite_ui_commons_ProcessFlowNode_BorderColorDimmed": "#546b7f",
			"_sap_suite_ui_commons_ProcessFlowNode_TextColorDimmed": "#d8d8d8",
			"_sap_suite_ui_commons_ProcessFlowNode_BackgroundHover": "#4b6074",
			"_sap_suite_ui_commons_ProcessFlowNode_BackgroundFocused": "#435667",
			"_sap_suite_ui_commons_ProcessFlowNode_BorderColorFocusedDimmed": "#006e9e"
		}
	}
}