{"payload":[{"identification":{"entityType":"contentunit","id":"37e3f8c6-2807-4eb1-ba02-51408bf0c822"},"texts":{"linkText-1":{"type":"","value":{"":"Menu Item 1"}},"linkTooltip-1":{"type":"","value":{"":""}},"linkText-2":{"type":"","value":{"":"Menu Item 2"}},"linkTooltip-2":{"type":"","value":{"":""}},"linkText-3":{"type":"","value":{"":"Menu Item 3"}},"linkTooltip-3":{"type":"","value":{"":""}}},"payload":{"type":"Menu","icon":"sap-icon://arrow-bottom","componentType":"Link","defaultComponent":{"text":{"value":"Link","translationKey":"linkText","isAsset":false},"link":{"value":"#","isAsset":false},"linkTarget":{"value":"_blank"},"linkTooltip":{"value":"Item","translationKey":"linkTooltip"}},"repeatable":true,"components":[{"text":{"translationKey":"linkText-1","isAsset":false},"link":{"value":"{section: anchor-navigation.section1}","isAsset":false},"linkTarget":{"value":"_self"},"linkTooltip":{"translationKey":"linkTooltip-1"}},{"text":{"translationKey":"linkText-2","isAsset":false},"link":{"value":"{section: anchor-navigation.section2}","isAsset":false},"linkTarget":{"value":"_self"},"linkTooltip":{"translationKey":"linkTooltip-2"}},{"text":{"translationKey":"linkText-3","isAsset":false},"link":{"value":"{section: anchor-navigation.section3}","isAsset":false},"linkTarget":{"value":"_self"},"linkTooltip":{"translationKey":"linkTooltip-3"}}],"componentDescriptor":[{"type":"LINK","title":"Link","displayText":"{/text/value}","value":"{/link/value}","linkTarget":"{/linkTarget/value}","linkTooltip":"{/linkTooltip/value}"}]},"path_for_translation":"basiclayoutsV2/ContentUnits/anchormenu"},{"identification":{"entityType":"contentunit","id":"71cfdc8a-bce5-4b08-85fd-41b71df09220"},"texts":{"title-1":{"type":"","value":{"":"Ivan Femia"}},"content-1":{"type":"","value":{"":"<p>CEO</p>"}},"linkDisplayText-1":{"type":"","value":{"":"LinkedIn"}},"linkTooltip-1":{"type":"","value":{"":""}},"title-2":{"type":"","value":{"":"John Doe"}},"content-2":{"type":"","value":{"":"<p>CMO</p>"}},"linkDisplayText-2":{"type":"","value":{"":"LinkedIn"}},"linkTooltip-2":{"type":"","value":{"":""}},"title-3":{"type":"","value":{"":"Sam Smith"}},"content-3":{"type":"","value":{"":"<p>CFO</p>"}},"linkDisplayText-3":{"type":"","value":{"":"LinkedIn"}},"linkTooltip-3":{"type":"","value":{"":""}}},"payload":{"type":"Cards","icon":"sap-icon://business-card","componentType":"Content Item","defaultComponent":{"title":{"value":"Enter a title here","translationKey":"title","isAsset":false},"content":{"value":"Replace this default content with your own. Simply click in the box and start typing. This card layout can be great for creating people profiles or product information. Write an introductory text and link to more details.","translationKey":"content","isAsset":false},"imageSrc":{"value":"/images/C4-1.png","isAsset":true},"linkDisplayText":{"value":"Learn More","translationKey":"linkDisplayText","isAsset":false},"linkURL":{"value":"","isAsset":false},"linkTarget":{"value":"_blank"},"linkTooltip":{"value":"","translationKey":"linkTooltip"}},"repeatable":true,"components":[{"title":{"translationKey":"title-1","isAsset":false},"content":{"translationKey":"content-1","isAsset":false},"imageSrc":{"isAsset":true,"value":"cuAsset_~71cfdc8a-bce5-4b08-85fd-41b71df09220_~15557106106980_~C4-1.png"},"linkDisplayText":{"translationKey":"linkDisplayText-1","isAsset":false},"linkURL":{"value":"https://www.linkedin.com/in/ivanfemia","isAsset":false},"linkTarget":{"value":"_blank"},"linkTooltip":{"translationKey":"linkTooltip-1"}},{"title":{"translationKey":"title-2","isAsset":false},"content":{"translationKey":"content-2","isAsset":false},"imageSrc":{"isAsset":true,"value":"cuAsset_~71cfdc8a-bce5-4b08-85fd-41b71df09220_~15557106106980_~C4-2.png"},"linkDisplayText":{"translationKey":"linkDisplayText-2","isAsset":false},"linkURL":{"value":"https://www.linkedin.com/in/ivanfemia","isAsset":false},"linkTarget":{"value":"_blank"},"linkTooltip":{"translationKey":"linkTooltip-2"}},{"title":{"translationKey":"title-3","isAsset":false},"content":{"translationKey":"content-3","isAsset":false},"imageSrc":{"isAsset":true,"value":"cuAsset_~71cfdc8a-bce5-4b08-85fd-41b71df09220_~15557106106980_~C4-3.png"},"linkDisplayText":{"translationKey":"linkDisplayText-3","isAsset":false},"linkURL":{"value":"https://www.linkedin.com/in/ivanfemia","isAsset":false},"linkTarget":{"value":"_blank"},"linkTooltip":{"translationKey":"linkTooltip-3"}}],"componentDescriptor":[{"title":"Title","type":"SHORT_TEXT","value":"{/title/value}"},{"title":"Text","type":"LONG_TEXT","value":"{/content/value}"},{"title":"Image","type":"IMAGE","value":"{/imageSrc/value}"},{"type":"LINK","title":"Link","displayText":"{/linkDisplayText/value}","value":"{/linkURL/value}","linkTarget":"{/linkTarget/value}","linkTooltip":"{/linkTooltip/value}"}]}},{"identification":{"entityType":"contentunit","id":"d3de18cc-5aa1-4f35-b212-36f982663f7d"},"texts":{"text-1":{"type":"","value":{"":"<p>Pizza Cloud opens today!</p>"}},"text-2":{"type":"","value":{"":"Add a caption here"}},"text-3":{"type":"","value":{"":"Add a caption here"}}},"payload":{"type":"Carousel","icon":"sap-icon://card","componentType":"Content Item","defaultComponent":{"text":{"value":"Add a caption here","translationKey":"text","isAsset":false},"imageSrc":{"value":"/images/IC1.jpg","isAsset":true}},"repeatable":true,"components":[{"text":{"translationKey":"text-1","isAsset":false},"imageSrc":{"isAsset":true,"value":"cuAsset_~d3de18cc-5aa1-4f35-b212-36f982663f7d_~15557099250941_~Pizza-Header.png"}}],"componentDescriptor":[{"title":"Image","type":"IMAGE","value":"{/imageSrc/value}"},{"title":"Text","type":"LONG_TEXT","value":"{/text/value}"}]}},{"identification":{"entityType":"contentunit","id":"35ad7acc-31cf-47e1-b40c-22da1894fc63"},"texts":{"title-1":{"type":"","value":{"":"Free drink"}},"content-1":{"type":"","value":{"":"<p>Purchase a large pizza and get a free drink. Carry out only.</p>"}},"linkDisplayText-1":{"type":"","value":{"":"Order Now"}},"linkTooltip-1":{"type":"","value":{"":""}},"title-2":{"type":"","value":{"":"20% Coupon"}},"content-2":{"type":"","value":{"":"<p>Purchase two large pizzas any type</p>"}},"linkDisplayText-2":{"type":"","value":{"":"Order Now"}},"linkTooltip-2":{"type":"","value":{"":""}},"title-3":{"type":"","value":{"":"Weekend owl"}},"content-3":{"type":"","value":{"":"<p>Purchase any pizza after 2AM and get free delivery.</p>"}},"linkDisplayText-3":{"type":"","value":{"":"Order Now"}},"linkTooltip-3":{"type":"","value":{"":""}}},"payload":{"type":"Cards","icon":"sap-icon://background","componentType":"Content Item","defaultComponent":{"title":{"value":"Enter a title here","translationKey":"title","isAsset":false},"content":{"value":"Write a short description about the title.","translationKey":"content","isAsset":false},"imageSrc":{"value":"/images/C1-1.png","isAsset":true},"linkDisplayText":{"value":"Read More","translationKey":"linkDisplayText","isAsset":false},"linkURL":{"value":"","isAsset":false},"linkTarget":{"value":"_blank"},"linkTooltip":{"value":"","translationKey":"linkTooltip"}},"repeatable":true,"components":[{"title":{"translationKey":"title-1","isAsset":false},"content":{"translationKey":"content-1","isAsset":false},"imageSrc":{"isAsset":true,"value":"cuAsset_~35ad7acc-31cf-47e1-b40c-22da1894fc63_~15557101652031_~Cupon1.jpg"},"linkDisplayText":{"translationKey":"linkDisplayText-1","isAsset":false},"linkURL":{"value":"#menu-Display","isAsset":false},"linkTarget":{"value":"_self"},"linkTooltip":{"translationKey":"linkTooltip-1"}},{"title":{"translationKey":"title-2","isAsset":false},"content":{"translationKey":"content-2","isAsset":false},"imageSrc":{"isAsset":true,"value":"cuAsset_~35ad7acc-31cf-47e1-b40c-22da1894fc63_~15557101653063_~Cupon2.jpeg"},"linkDisplayText":{"translationKey":"linkDisplayText-2","isAsset":false},"linkURL":{"value":"#menu-Display","isAsset":false},"linkTarget":{"value":"_self"},"linkTooltip":{"translationKey":"linkTooltip-2"}},{"title":{"translationKey":"title-3","isAsset":false},"content":{"translationKey":"content-3","isAsset":false},"imageSrc":{"isAsset":true,"value":"cuAsset_~35ad7acc-31cf-47e1-b40c-22da1894fc63_~15557101654165_~Cupon3.jpeg"},"linkDisplayText":{"translationKey":"linkDisplayText-3","isAsset":false},"linkURL":{"value":"#menu-Display","isAsset":false},"linkTarget":{"value":"_self"},"linkTooltip":{"translationKey":"linkTooltip-3"}}],"componentDescriptor":[{"title":"Title","type":"SHORT_TEXT","value":"{/title/value}"},{"title":"Text","type":"LONG_TEXT","value":"{/content/value}"},{"title":"Image","type":"IMAGE","value":"{/imageSrc/value}"},{"type":"LINK","title":"Link","displayText":"{/linkDisplayText/value}","value":"{/linkURL/value}","linkTarget":"{/linkTarget/value}","linkTooltip":"{/linkTooltip/value}"}]}}]}