{
	"default": {
		"_sap_m_Bar_AppHeight": "3333px",
		"_sap_m_Bar_HeaderHeight": "68px",
		"_sap_m_Bar_MinHeightForHeader": "3401px",
		"_sap_m_Carousel_PagesMarginRight": "1.25rem",
		"_sap_m_Carousel_MinWidth": "20rem",
		"_sap_m_Carousel_ControlsNoArrowsHeight": "2rem",
		"_sap_m_Carousel_NumericIndicatorTextColor": "#666",
		"_sap_m_Carousel_PrevAndNextSize": "2rem",
		"_sap_m_Carousel_PrevAndNextPosition": "0.625rem",
		"_sap_m_Carousel_PageIndicatorContainerPadding": "1rem",
		"_sap_m_Carousel_PageIndicatorWidthSizeS": "12rem",
		"_sap_m_Carousel_PageIndicatorWidthSizeM": "16rem",
		"_sap_m_Carousel_PageIndicatorWidthSizeL": "20rem",
		"_sap_m_Carousel_PageIndicatorWidthSizeXL": "24rem",
		"_sap_m_ColorPalette_SwatchesPerRow": "5",
		"_sap_m_ColorPalette_SwatchContainerPaddingLeftRightCozy": "0.6875rem",
		"_sap_m_ColorPalette_SwatchContainerPaddingTopBottomCozy": "0.3125rem",
		"_sap_m_ColorPalette_SwatchWidthHitAreaCozy": "2.375rem",
		"_sap_m_ColorPalette_SwatchWidthCozy": "1.75rem",
		"_sap_m_ColorPalette_SwatchContainerPaddingLeftRightCompact": "0.8125rem",
		"_sap_m_ColorPalette_SwatchContainerPaddingTopBottomCompact": "0.1875rem",
		"_sap_m_ColorPalette_SwatchWidthHitAreaCompact": "1.625rem",
		"_sap_m_ColorPalette_SwatchWidthCompact": "1.25rem",
		"_sap_m_ColorPalette_SwatchContainerPaddingLeftRightPhone": "0.625rem",
		"_sap_m_ColorPalette_SwatchContainerPaddingTopBottomPhone": "0.375rem",
		"_sap_m_ColorPalette_SwatchMaxWidthPhone": "4.5rem",
		"_sap_m_ColorPalette_SwatchMarginPhone": "0.375rem",
		"_sap_m_Dialog_MarginHeight": "7%",
		"_sap_m_Dialog_BarHeight": "3rem",
		"_sap_m_Dialog_BarCompactHeight": "2.5rem",
		"_sap_m_Dialog_Padding": "1rem",
		"_sap_m_Dialog_InfoDesignBarHeight": "2rem",
		"sapMGenericTagBorderWidth": "0.25rem",
		"sapMGenericTagPaddingLeft": "0.25rem",
		"sapMGenericTagStatusIconWidth": "1rem",
		"sapMGenericTagIconPaddingRight": "0.5rem",
		"sapMGenericTagTextMinWidth": "1.5625rem",
		"_sap_m_IconTabBar_TextColor": "#333",
		"_sap_m_IconTabBar_HeaderShadow": "inset 0 -0.25rem 0 -0.125rem #ebebeb",
		"_sap_m_IconTabBar_ContentArrowBorderWidth": "0.125rem",
		"_sap_m_IconTabBar_ContentArrowHeight": "0.625rem",
		"_sap_m_IconTabBar_InLineFilterMargin": "1rem 0 0.1875rem 0",
		"_sap_m_IconTabBar_InLineTextOnlyVerticalHeight": "3rem",
		"_sap_m_IconTabBar_InLineTextOnlyContentArrowHeight": "0.8125rem",
		"_sap_m_IconTabBar_TextOnlyTabPadding": "0.5625rem 0 0.3125rem 0",
		"_sap_m_IconTabBar_TextOnlyVerticalHeight": "3.5rem",
		"_sap_m_IconTabBar_NoTextFilterWidth": "3rem",
		"_sap_m_IconTabBar_NoTextVerticalHeight": "4rem",
		"_sap_m_IconTabBar_AllTabHeight": "3rem",
		"_sap_m_IconTabBar_AllTabLineHeight": "3rem",
		"_sap_m_IconTabBar_AllTabMarginBottom": "1rem",
		"_sap_m_IconTabBar_HorizontalFilterHeight": "4rem",
		"_sap_m_IconTabBar_HorizontalTabHeight": "3rem",
		"_sap_m_IconTabBar_HorizontalWrapperHeight": "3rem",
		"_sap_m_IconTabBar_HorizontalTabWidth": "3rem",
		"_sap_m_IconTabBar_HorizontalCountTop": "0.4375rem",
		"_sap_m_IconTabBar_HorizontalTextPaddingTop": "0.625rem",
		"_sap_m_IconTabBar_HorizontalTextPaddingLeft": "0.25rem",
		"_sap_m_IconTabBar_VerticalHeight": "5rem",
		"_sap_m_IconTabBar_VerticalContentArrowHeight": "0.6875rem",
		"_sap_m_IconTabBar_FilterIconHeight": "3rem",
		"_sap_m_IconTabBar_FilterIconLineHeight": "2.75rem",
		"_sap_m_IconTabBar_FilterIconWidth": "3rem",
		"_sap_m_IconTabBar_FilterTextLineHeight": "0.9375rem",
		"_sap_m_IconTabBar_SeparatorHeight": "3rem",
		"_sap_m_IconTabBar_SeparatorMargin": "0 0.25rem",
		"_sap_m_IconTabBar_SeparatorIconHeight": "3rem",
		"__sap_m_IconTabBar_SeparatorIconLineHeight": "3rem",
		"_sap_m_IconTabBar_ArrowScrollPadding": "1.0625rem 0rem",
		"_sap_m_IconTabBar_SplitContainerArrowScrollPadding": "1.0625rem 0.4rem",
		"_sap_m_IconTabBar_ContentBackground": "#fff",
		"_sap_m_IconTabBar_Compact_NoTextContentArrowHeight": "0.625rem",
		"_sap_m_IconTabBar_Compact_ContentArrowHeight": "0.75rem",
		"_sap_m_IconTabBar_Compact_InLineVerticalTabHeight": "2rem",
		"_sap_m_IconTabBar_Compact_InLineFilterTextMargin": "0rem 0 0.25rem 0",
		"_sap_m_IconTabBar_Compact_TextOnlyContentArrowHeight": "0.5rem",
		"_sap_m_IconTabBar_Compact_TextOnlyVerticalHeight": "2.75rem",
		"_sap_m_IconTabBar_Compact_TextOnlyTabPadding": "0",
		"_sap_m_IconTabBar_Compact_TextOnlyHeadMargin": "0.25rem 0.75rem 0 0.25rem",
		"_sap_m_IconTabBar_Compact_TextOnlyTextLineHeight": "0.875rem",
		"_sap_m_IconTabBar_Compact_TextOnlyTextPadding": "0.375rem 0 0",
		"_sap_m_IconTabBar_Compact_NoTextTabWidth": "2rem",
		"_sap_m_IconTabBar_Compact_NoTextVerticalHeight": "2.625rem",
		"_sap_m_IconTabBar_Compact_HorizontalHeight": "2.75rem",
		"_sap_m_IconTabBar_Compact_HorizontalContentArrowHeight": "0.75rem",
		"_sap_m_IconTabBar_Compact_VerticalHeight": "3.625rem",
		"_sap_m_IconTabBar_Compact_FilterTextPadding": "0.25rem 0 0",
		"_sap_m_IconTabBar_Compact_HorizontalFocusBottom": "0",
		"_sap_m_IconTabBar_Phone_HeadMargin": "1rem 0 0",
		"_sap_m_IconTabBar_Phone_ContentArrowHeight": "0.45rem",
		"_sap_m_IconTabBar_Phone_InLineArrowScrollPadding": "0.9375rem 0",
		"_sap_m_InputBase_InnerMinWidth": "3rem",
		"_sap_m_InputBase_InnerPadding": "0 0.75rem",
		"_sap_m_InputBase_Height": "2.5rem",
		"_sap_m_InputBase_DisabledOpacity": "0.5",
		"_sap_m_InputBase_IconLineHeight": "2.375rem",
		"_sap_m_InputBase_IconWidth": "2.375rem",
		"_sap_m_InputBase_Compact_IconWidth": "2rem",
		"_sap_m_InputBase_IconMinWidth": "2.375rem",
		"_sap_m_InputBaseWrapper_Sum_Border": "0.125rem",
		"_sap_m_InputBase_InnerMinWidth_Compact": "2rem",
		"_InputBase_Control_MinWidth": "3.13rem",
		"_InputBase_Control_OneIcon_MinWidth": "5.5rem",
		"_InputBase_Control_TwoIcons_MinWidth": "7.88rem",
		"_InputBase_Control_State_MinWidth": "3.25rem",
		"_InputBase_Control_TwoIcons_State_MinWidth": "8rem",
		"_InputBase_Control_OneIcon_State_MinWidth": "5.63rem",
		"_InputBase_Control_MinWidth_Compact": "2.13rem",
		"_InputBase_Control_OneIcon_MinWidth_Compact": "4.13rem",
		"_InputBase_Control_TwoIcons_MinWidth_Compact": "6.13rem",
		"_InputBase_Control_State_MinWidth_Compact": "2.25rem",
		"_InputBase_Control_TwoIcons_State_MinWidth_Compact": "8rem",
		"_InputBase_Control_OneIcon_State_MinWidth_Compact": "5.63rem",
		"_sap_m_LightBox_MinHeight": "18rem",
		"_sap_m_LightBox_FooterOneLineHeightDesktop": "2.5rem",
		"_sap_m_LightBox_FooterTwoLinesHeightDesktop": "4rem",
		"_sap_m_LightBox_FooterOneLineHeightMobile": "3rem",
		"_sap_m_LightBox_FooterTwoLinesHeightMobile": "4.5rem",
		"_sap_m_LightBox_TitleSectionPadding": "1rem",
		"_sap_m_LightBox_BusyIndicatorHeight": "1rem",
		"_sap_m_LightBox_OverlayBackground": "#000",
		"_sap_m_LightBox_ContainerBackground": "#fafafa",
		"_sap_m_ListItemBase_DeleteIcon": "sys-cancel",
		"_sap_m_ListItemBase_ButtonMarginTop": "auto",
		"_sap_m_Message_Box_Information_Icon": "true",
		"_sap_m_InputWithTokens_TokenizerMinWidth": "3.25rem",
		"_InputBase_Control_Tokens_MinWidth": "8.75rem",
		"_InputBase_Control_Tokens_ReadOnly_MinWidth": "6.38rem",
		"_InputBase_Control_Tokens_State_MinWidth": "8.88rem",
		"_InputBase_Control_Tokens_MinWidth_Compact": "7.38rem",
		"_InputBase_Control_Tokens_ReadOnly_MinWidth_Compact": "5.38rem",
		"_InputBase_Control_Tokens_State_MinWidth_Compact": "7.5rem",
		"_sap_m_NotificationListBase_ContainerPaddingLeft": "1.5rem",
		"_sap_m_NotificationListBase_ContainerPadding": "1rem",
		"_sap_m_NotificationListBase_CloseButtonSize": "2.5rem",
		"_sap_m_NotificationListBase_CloseButtonCompactSize": "1.625rem",
		"_sap_m_NotificationListBase_CloseButtonCozyPosition": "0.25rem",
		"_sap_m_NotificationListBase_CloseButtonCompactPosition": "0.5rem",
		"_sap_m_NotificationListBase_SubHeaderAndFooterPadding": "0.25rem 0 0 1rem",
		"_sap_m_NotificationListBase_ItemBackground": "#ffffff",
		"_sap_m_NotificationListBase_ItemGroupedBackground": "#f2f2f2",
		"_sap_m_NotificationListGroup_ContainerPadding": "1rem",
		"_sap_m_NotificationListGroup_BottomMargin": "0.5rem",
		"_sap_m_NotificationListGroup_BorderRadius": "0.25rem",
		"_sap_m_NotificationListItem_ContainerPadding": "1rem",
		"_sap_m_NotificationListItem_ContainerPaddingLeft": "1.5rem",
		"_sap_m_Page_AppHeight": "3333px",
		"_sap_m_Page_HeaderHeight": "68px",
		"_sap_m_Page_MinHeightForHeader": "3401px",
		"_sap_m_PlanningCalendarHeader_Background": "#ffffff",
		"_sap_m_Popover_ForceCompactArrowOffset": "true",
		"_sap_m_QuickView_HorizontalLayoutMarginBottom": "2rem",
		"_sap_m_QuickView_HorizontalLayoutIconFontSize": "2.25rem",
		"_sap_m_QuickView_PagePaddingTop": "3rem",
		"_sap_m_QuickView_Compact_PagePaddingTop": "2.5rem",
		"_sap_m_SearchField_Height": "3rem",
		"_sap_m_SearchField_FormHeight": "2.5rem",
		"_sap_m_SearchField_InputHeight": "2.375rem",
		"_sap_m_SearchField_ButtonSize": "2.38rem",
		"_sap_m_SearchField_ButtonFontSize": "1.125rem",
		"_sap_m_SearchField_NoSearchButtonPadding": "2.375rem",
		"_sap_m_SearchField_Compact_FormPaddingLeft": "0.375rem",
		"_sap_m_SearchField_Compact_NoSearchButtonPadding": "2rem",
		"_sap_m_SearchField_ResetIcon": "\"\\e1c7\"",
		"_sap_m_SelectList_ItemHeight": "2.5rem",
		"_sap_m_SelectList_ItemCompactHeight": "2rem",
		"_sap_m_Shell_AppWidthLimit": "1280px",
		"_sap_m_Shell_AppWidthLimitBy2": "640px",
		"_sap_m_Shell_AppWidthLimitPlusPadding": "1296px",
		"_sap_m_Shell_AppHeight": "3333px",
		"_sap_m_Shell_HeaderHeight": "68px",
		"_sap_m_Shell_MinHeightForHeader": "3401px",
		"_sap_m_Shell_MinWidthForLogoAside": "1480px",
		"_sap_m_Shell_MinWidthForBigLogoAside": "1680px",
		"_sap_m_PlanningCalendarHeader_ActionsToolbarHeight": "3rem",
		"_sap_m_SinglePlanningCalendarGrid_RowHeadersWidth": "4rem",
		"_sap_m_SinglePlanningCalendarGrid_RowHeight": "4.3125rem",
		"_sap_m_SinglePlanningCalendarGrid_CompactRowHeight": "3rem",
		"_sap_m_SplitContainer_AppHeight": "3333px",
		"_sap_m_SplitContainer_HeaderHeight": "68px",
		"_sap_m_SplitContainer_MinHeightForHeader": "3401px",
		"_sap_m_Switch_OnPosition": "-32",
		"_sap_m_Switch_OffPosition": "0",
		"_sap_m_Switch_TransitionTime": "175",
		"_sapMTextAreaPadding": "0.625rem 0.75rem",
		"_sapMTextAreaPadding_Compact": "0.1875rem 0.5rem",
		"_sap_m_Token_Sys_Cancel_Icon": "true",
		"_sap_m_Token_TokenPadding": "0.5rem",
		"_sap_m_Token_TokenCompactPadding": "0.25rem",
		"_sap_m_Token_TokenSize": "2rem",
		"_sap_m_Token_TokenCompactSize": "1.25rem",
		"_sap_m_Tokenizer_OutlineOffset": "3px",
		"_sap_m_Wizard_NavHeight": "4rem",
		"_sap_m_WizardProgressNavigator_NavHeight": "4rem",
		"_sap_m_WizardProgressNavigator_ListHeight": "2rem",
		"_sap_m_WizardProgressNavigator_StepWidth": "2rem",
		"_sap_m_WizardProgressNavigator_StepPadding": "0.5rem",
		"_sap_m_WizardProgressNavigator_SmallSeparator": "0.25rem",
		"_sap_m_WizardProgressNavigator_StepUnderlineHeight": "0.125rem",
		"_sap_m_WizardProgressNavigator_StepOverlapOnPhone": "1.75rem",
		"_sap_m_Button_EmphasizedFocusColor": "#000",
		"_sap_m_CheckBox_SelectedWarningColor": "#000",
		"_sap_m_Dialog_HeaderShadowColor": "#ebebeb",
		"_sap_m_FeedInput_BackgroundColor": "#e8e8e8",
		"_sap_m_HeaderContainer_TranslucentBackground": "#fff",
		"_sap_m_IconTabBar_TextHoverColor": "#1a1a1a",
		"_sap_m_IconTabBar_SelectedTextColor": "#e60000",
		"_sap_m_IconTabBar_SelectedTextHoverColor": "#c00",
		"_sap_m_Link_TextShadowColor": "none",
		"_sap_m_ListItemBase_ListTextShadowColor": "none",
		"_sap_m_NewsContent_HeaderTextColor": "#fff",
		"_sap_m_NewsContent_SubHeaderTextColor": "#fff",
		"_sap_m_ObjectAttribute_ListTextShadowColor": "none",
		"_sap_m_ObjectMarker_LinkShadowColor": "none",
		"_sap_m_ObjectNumber_TextShadowColor": "none",
		"_sap_m_ObjectStatus_TextShadowColor": "none",
		"_sap_m_RadioButton_SelectedWarningColor": "#000",
		"_sap_m_RangeSlider_HandleHoverBackground": "rgba(217,217,217,0.6)",
		"_sap_m_RangeSlider_HandleBorderColor": "#999",
		"_sap_m_RatingIndicator_IconUnselectedColor": "#999",
		"_sap_m_RatingIndicator_IconHoverColor": "#c78b00",
		"_sap_m_SelectList_ItemBelizeFocus_Height": "4px",
		"_sap_m_SinglePlanningCalendarGrid_HoursBackground": "#ffffff",
		"_sap_m_SinglePlanningCalendarStickyShadow": "0 0.2rem 0.3rem -0.1rem rgba(0, 0, 0, 0.15)",
		"_sap_m_SinglePlanningCalendar_sapUiCalendarAppType01": "#ad7900",
		"_sap_m_SinglePlanningCalendar_sapUiCalendarAppType02": "#dc5c0c",
		"_sap_m_SinglePlanningCalendar_sapUiCalendarAppType03": "#c14646",
		"_sap_m_SinglePlanningCalendar_sapUiCalendarAppType04": "#853808",
		"_sap_m_SinglePlanningCalendar_sapUiCalendarAppType05": "#da3fb9",
		"_sap_m_SinglePlanningCalendar_sapUiCalendarAppType06": "#008bc7",
		"_sap_m_SinglePlanningCalendar_sapUiCalendarAppType07": "#198f8f",
		"_sap_m_SinglePlanningCalendar_sapUiCalendarAppType08": "#6e8c1f",
		"_sap_m_SinglePlanningCalendar_sapUiCalendarAppType09": "#648795",
		"_sap_m_SinglePlanningCalendar_sapUiCalendarAppType10": "#80196a",
		"_sap_m_SinglePlanningCalendar_sapUiCalendarAppType11": "#6f5925",
		"_sap_m_SinglePlanningCalendar_sapUiCalendarAppType12": "#b64600",
		"_sap_m_SinglePlanningCalendar_sapUiCalendarAppType13": "#d51818",
		"_sap_m_SinglePlanningCalendar_sapUiCalendarAppType14": "#966c52",
		"_sap_m_SinglePlanningCalendar_sapUiCalendarAppType15": "#73596d",
		"_sap_m_SinglePlanningCalendar_sapUiCalendarAppType16": "#5d759e",
		"_sap_m_SinglePlanningCalendar_sapUiCalendarAppType17": "#466c6c",
		"_sap_m_SinglePlanningCalendar_sapUiCalendarAppType18": "#626b4a",
		"_sap_m_SinglePlanningCalendar_sapUiCalendarAppType19": "#284d5d",
		"_sap_m_SinglePlanningCalendar_sapUiCalendarAppType20": "#1851b0",
		"_sap_m_SinglePlanningCalendar_sapUiCalendarRowAppsIntHeadType01": "#fff6e0",
		"_sap_m_SinglePlanningCalendar_sapUiCalendarRowAppsIntHeadType02": "#feeee5",
		"_sap_m_SinglePlanningCalendar_sapUiCalendarRowAppsIntHeadType03": "#f7e6e6",
		"_sap_m_SinglePlanningCalendar_sapUiCalendarRowAppsIntHeadType04": "#f9efe9",
		"_sap_m_SinglePlanningCalendar_sapUiCalendarRowAppsIntHeadType05": "#fdf2fa",
		"_sap_m_SinglePlanningCalendar_sapUiCalendarRowAppsIntHeadType06": "#f0f7fa",
		"_sap_m_SinglePlanningCalendar_sapUiCalendarRowAppsIntHeadType07": "#f2fdfd",
		"_sap_m_SinglePlanningCalendar_sapUiCalendarRowAppsIntHeadType08": "#f3f9e4",
		"_sap_m_SinglePlanningCalendar_sapUiCalendarRowAppsIntHeadType09": "#f5fcff",
		"_sap_m_SinglePlanningCalendar_sapUiCalendarRowAppsIntHeadType10": "#f7eef5",
		"_sap_m_SinglePlanningCalendar_sapUiCalendarRowAppsIntHeadType11": "#ffeec6",
		"_sap_m_SinglePlanningCalendar_sapUiCalendarRowAppsIntHeadType12": "#fbdfce",
		"_sap_m_SinglePlanningCalendar_sapUiCalendarRowAppsIntHeadType13": "#ffdcdc",
		"_sap_m_SinglePlanningCalendar_sapUiCalendarRowAppsIntHeadType14": "#f2e1d8",
		"_sap_m_SinglePlanningCalendar_sapUiCalendarRowAppsIntHeadType15": "#f0e5ee",
		"_sap_m_SinglePlanningCalendar_sapUiCalendarRowAppsIntHeadType16": "#e7e8ea",
		"_sap_m_SinglePlanningCalendar_sapUiCalendarRowAppsIntHeadType17": "#d7eaea",
		"_sap_m_SinglePlanningCalendar_sapUiCalendarRowAppsIntHeadType18": "#e6edd1",
		"_sap_m_SinglePlanningCalendar_sapUiCalendarRowAppsIntHeadType19": "#cfebf7",
		"_sap_m_SinglePlanningCalendar_sapUiCalendarRowAppsIntHeadType20": "#fff",
		"_sap_m_Slider_Background": "#ddd",
		"_sap_m_Slider_HandleBorderColor": "#999",
		"_sap_m_Slider_HandleHoverBackground": "rgba(217,217,217,0.6)",
		"_sap_m_StandardListItem_TextShadowColor": "none",
		"_sap_m_StandardListItem_SelectedLabelColor": "#666",
		"_sap_m_SuggestionsPopover_ItemHeight": "2.5rem",
		"_sap_m_SuggestionsPopover_ItemHeightCompact": "2rem",
		"_sap_m_SuggestionsPopover_GroupItemHeight": "2.75rem",
		"_sap_m_SuggestionsPopover_GroupItemHeightCompact": "2.75rem",
		"_sap_m_SuggestionsPopover_TabularItemHeight": "2.5rem",
		"_sap_m_SuggestionsPopover_TabularItemHeightCompact": "2rem",
		"_sap_m_SuggestionsPopover_TabularGroupItemHeight": "2.5rem",
		"_sap_m_SuggestionsPopover_TabularGroupItemHeightCompact": "2rem",
		"_sap_m_Switch_OffBackground": "#fff",
		"_sap_m_Switch_OffBorderColor": "#ababab",
		"_sap_m_TabStrip_ItemHoverTextColor": "#1a1a1a",
		"_sap_m_TabStrip_ItemSelectedTextColor": "#000",
		"_sap_m_TileContent_NewsFooterTextColor": "#fff",
		"_sap_m_TimePicker_ItemColor": "#f2f2f2",
		"_sap_m_TimePicker_ItemHoverColor": "#d8d8d8",
		"_sap_m_TimePicker_ItemBorderColor": "#fff",
		"_sap_m_TimePickerSliders_ItemColor": "#f2f2f2",
		"_sap_m_TimePickerSliders_ItemHoverColor": "#d8d8d8",
		"_sap_m_TimePickerSliders_ItemBorderColor": "#fff",
		"_sap_m_Token_BorderColor": "#dedede",
		"_sap_m_Token_HoverBorderColor": "#ddd",
		"_sap_m_ViewSettingsDialog_HeaderBorderColor": "#ebebeb",
		"_sap_m_WizardProgressNavigator_NavAnchorCircleHoverColor": "#fff",
		"_sap_m_WizardProgressNavigator_NavAnchorTitleSelectedTextColor": "#000",
		"_sap_m_WizardProgressNavigator_NavAnchorTitleHoverTextColor": "#1a1a1a"
	},
	"scopes": {
		"sapContrast": {
			"_sap_m_Carousel_NumericIndicatorTextColor": "#ddd",
			"_sap_m_IconTabBar_TextColor": "#fafafa",
			"_sap_m_IconTabBar_HeaderShadow": "inset 0 -0.25rem 0 -0.125rem #4f667a",
			"_sap_m_IconTabBar_ContentBackground": "#3f5161",
			"_sap_m_LightBox_ContainerBackground": "#3f5161",
			"_sap_m_NotificationListBase_ItemBackground": "#3f5161",
			"_sap_m_NotificationListBase_ItemGroupedBackground": "#354452",
			"_sap_m_PlanningCalendarHeader_Background": "#3f5161",
			"_sap_m_CheckBox_SelectedWarningColor": "#fabd64",
			"_sap_m_Dialog_HeaderShadowColor": "#4f667a",
			"_sap_m_FeedInput_BackgroundColor": "#69859d",
			"_sap_m_HeaderContainer_TranslucentBackground": "rgba(63,81,97,0.6)",
			"_sap_m_IconTabBar_TextHoverColor": "#fff",
			"_sap_m_IconTabBar_SelectedTextColor": "#91c8f6",
			"_sap_m_IconTabBar_SelectedTextHoverColor": "#c0e0fa",
			"_sap_m_Link_TextShadowColor": "0 0 0.125rem #000",
			"_sap_m_ListItemBase_ListTextShadowColor": "0 0 0.125rem #000",
			"_sap_m_NewsContent_HeaderTextColor": "#fafafa",
			"_sap_m_NewsContent_SubHeaderTextColor": "#ddd",
			"_sap_m_ObjectMarker_LinkShadowColor": "0 0 0.125rem #000",
			"_sap_m_ObjectNumber_TextShadowColor": "0 0 0.125rem #000",
			"_sap_m_ObjectStatus_TextShadowColor": "0 0 0.125rem #000",
			"_sap_m_RadioButton_SelectedWarningColor": "#fabd64",
			"_sap_m_RangeSlider_HandleHoverBackground": "rgba(43,55,66,0.6)",
			"_sap_m_RangeSlider_HandleBorderColor": "#536b7f",
			"_sap_m_RatingIndicator_IconUnselectedColor": "#9dafc0",
			"_sap_m_RatingIndicator_IconHoverColor": "#faaf00",
			"_sap_m_SinglePlanningCalendarGrid_HoursBackground": "#3f5161",
			"_sap_m_Slider_Background": "#69849d",
			"_sap_m_Slider_HandleBorderColor": "#a6b7c5",
			"_sap_m_Slider_HandleHoverBackground": "rgba(105,133,157,0.6)",
			"_sap_m_StandardListItem_TextShadowColor": "0 0 0.125rem #000",
			"_sap_m_StandardListItem_SelectedLabelColor": "#e7e7e7",
			"_sap_m_Switch_OffBackground": "#3f5161",
			"_sap_m_Switch_OffBorderColor": "#97aabb",
			"_sap_m_TabStrip_ItemHoverTextColor": "#fff",
			"_sap_m_TabStrip_ItemSelectedTextColor": "#fff",
			"_sap_m_TileContent_NewsFooterTextColor": "#ddd",
			"_sap_m_TimePicker_ItemColor": "#577086",
			"_sap_m_TimePicker_ItemHoverColor": "#435668",
			"_sap_m_TimePicker_ItemBorderColor": "#617d96",
			"_sap_m_TimePickerSliders_ItemColor": "#4d6377",
			"_sap_m_TimePickerSliders_ItemHoverColor": "#415464",
			"_sap_m_TimePickerSliders_ItemBorderColor": "#3f5161",
			"_sap_m_Token_BorderColor": "#617d95",
			"_sap_m_Token_HoverBorderColor": "#597289",
			"_sap_m_ViewSettingsDialog_HeaderBorderColor": "#4f667a",
			"_sap_m_WizardProgressNavigator_NavAnchorCircleHoverColor": "#354452",
			"_sap_m_WizardProgressNavigator_NavAnchorTitleSelectedTextColor": "#fff",
			"_sap_m_WizardProgressNavigator_NavAnchorTitleHoverTextColor": "#fff"
		}
	}
}