{
	"default": {
		"_sap_gantt_Gantt_HeaderHeight": "101px",
		"_sap_gantt_Gantt_CompactHeaderHeight": "71px",
		"_sap_gantt_Gantt_CursorLineStroke": "#0092d1",
		"_sap_gantt_Gantt_NowLineStroke": "#ab218e",
		"_sap_gantt_Gantt_VerticalLineStroke": "#ddd",
		"_sap_gantt_Gantt_ExpandChartBG": "#F6F6F6",
		"_sap_gantt_Gantt_ExpandChartLine": "#ddd",
		"_sap_gantt_Gantt_ExpandChartText": "#848f94",
		"_sap_gantt_Gantt_TimelineZoomColor": "#40b0f0"
	},
	"scopes": {
		"sapContrast": {
			"_sap_gantt_Gantt_NowLineStroke": "#e57acf",
			"_sap_gantt_Gantt_VerticalLineStroke": "#536b80"
		}
	}
}