{"_version":"1.0","identification":{"id":"896e508f-b8da-4886-9261-34ed52318fcf","modifiedAt":20190420040520,"title":"CDM bundle","sourceSystemType":"HCP","description":"HCP transport zip 1555733120687","entityType":"Bundle","buildVersion":"1609-A"},"payload":[{"_version":"1.0","identification":{"id":"Everyone","namespace":"","entityType":"role"},"payload":{"groups":[],"catalogs":[{"id":"e00fb4aa-9763-4eb5-8270-984c0b403bd9","namespace":""}]}},{"_version":"1.3.0","sap.app":{"_version":"1.3.0","title":"SAP Fiori Launchpad","description":"A page template designed according to the SAP Fiori launchpad layout. This template is provided by SAP.","tags":{"keywords":[]},"crossNavigation":{"inbounds":{"0":{"semanticObject":"Shell","action":"home","deviceTypes":{"desktop":true,"tablet":true,"phone":true}}}},"id":"be9c01f0-b0ab-4ec4-96c5-f34e5f9ae3af"},"sap.platform.hcp":{"_version":"1.2.0","uri":"/basiclayoutsV2/pageTemplates/FLPPage","appName":"portalsitetemplates"},"sap.ui5":{"_version":"1.2.0","componentName":"sap.ushell.components.flp"},"sap.cloud.portal":{"applicationType":"page","thumbnail":"preview.png"},"sap.flp":{"_version":"1.1.0","config":{"groups":[]}},"sap.ui":{"_version":"1.3.0","technology":"UI5"}},{"_version":"1.3.0","sap.app":{"_version":"1.3.0","title":"Anchor Navigation","description":"A page layout that includes a menu and 12 sections. Each menu item can be anchored to a section.","tags":{"keywords":[]},"crossNavigation":{"inbounds":{"0":{"semanticObject":"obj","action":"AnchorNavigation","deviceTypes":{"desktop":true,"tablet":true,"phone":true}}}},"id":"d88c8b5e-e980-411f-975b-9e7fc3843a6c"},"sap.platform.hcp":{"_version":"1.2.0","appName":"portalsitetemplates","uri":"/basiclayoutsV2/pageTemplates/AnchorNavigation"},"sap.ui5":{"_version":"1.2.0","componentName":"cpv2.templates.AnchorNavigationV2","dependencies":{"minUI5Version":"1.30.0","libs":{"sap.ui.core":{},"sap.m":{},"sap.ui.layout":{}}},"config":{"fullWidth":true,"hideLightBackground":true}},"sap.cloud.portal":{"applicationType":"page","enableLazyLoading":false,"thumbnail":"preview.png","sections":{"anchor-navigation.header":{"index":1,"anchor":"Header","widgets":{"anchor-navigation.header-menu":{"index":1,"alias":"anchor-navigation.header-menu","layoutData":{"L":12,"M":12,"S":12}}},"layoutData":{"layout":"Column","itemsMargin":"","maxContentWidth":"","minContentHeight":""},"appearance":{"backgroundImageSource":"url","backgroundImageFileName":"","useBackgroundImage":false,"backgroundImageURL":"","backgroundImageState":"","backgroundImageAlignment":""}},"anchor-navigation.section1":{"index":2,"anchor":"Section 1","widgets":{},"layoutData":{"layout":"Column","itemsMargin":"","maxContentWidth":"1280","minContentHeight":""},"appearance":{"backgroundColor":"#ffffff","backgroundImageSource":"url","backgroundImageFileName":"","useBackgroundImage":false,"backgroundImageURL":"","backgroundImageState":"cropped","backgroundImageAlignment":"center_middle","fixedBackgroundImage":false}},"anchor-navigation.section2":{"index":3,"anchor":"Section 2","widgets":{},"layoutData":{"layout":"Column","itemsMargin":"","maxContentWidth":"1280","minContentHeight":""},"appearance":{"backgroundColor":"#eff4f9","backgroundImageSource":"url","backgroundImageFileName":"","useBackgroundImage":false,"backgroundImageURL":"","backgroundImageState":"cropped","backgroundImageAlignment":"center_middle","fixedBackgroundImage":false}},"anchor-navigation.section3":{"index":4,"anchor":"Section 3","widgets":{},"layoutData":{"layout":"Column","itemsMargin":"","maxContentWidth":"1280","minContentHeight":""},"appearance":{"backgroundImageSource":"url","backgroundImageFileName":"","useBackgroundImage":false,"backgroundImageURL":"","backgroundImageState":"cropped","backgroundImageAlignment":"center_middle","fixedBackgroundImage":false}},"anchor-navigation.section4":{"index":5,"anchor":"Section 4","widgets":{},"layoutData":{"layout":"Column","itemsMargin":"","maxContentWidth":"1280","minContentHeight":""},"appearance":{"backgroundColor":"#ffffff","backgroundImageSource":"url","backgroundImageFileName":"","useBackgroundImage":false,"backgroundImageURL":"","backgroundImageState":"cropped","backgroundImageAlignment":"center_middle","fixedBackgroundImage":false}},"anchor-navigation.section5":{"index":6,"anchor":"Section 5","widgets":{},"layoutData":{"layout":"Column","itemsMargin":"","maxContentWidth":"1280","minContentHeight":""},"appearance":{"backgroundColor":"#eff4f9","backgroundImageSource":"url","backgroundImageFileName":"","useBackgroundImage":false,"backgroundImageURL":"","backgroundImageState":"cropped","backgroundImageAlignment":"center_middle","fixedBackgroundImage":false}},"anchor-navigation.section6":{"index":7,"anchor":"Section 6","widgets":{},"layoutData":{"layout":"Column","itemsMargin":"","maxContentWidth":"1280","minContentHeight":""},"appearance":{"backgroundImageSource":"url","backgroundImageFileName":"","useBackgroundImage":false,"backgroundImageURL":"","backgroundImageState":"cropped","backgroundImageAlignment":"center_middle","fixedBackgroundImage":false}},"anchor-navigation.section7":{"index":8,"anchor":"Section 7","widgets":{},"layoutData":{"layout":"Column","itemsMargin":"","maxContentWidth":"1280","minContentHeight":""},"appearance":{"backgroundColor":"#ffffff","backgroundImageSource":"url","backgroundImageFileName":"","useBackgroundImage":false,"backgroundImageURL":"","backgroundImageState":"cropped","backgroundImageAlignment":"center_middle","fixedBackgroundImage":false}},"anchor-navigation.section8":{"index":9,"anchor":"Section 8","widgets":{},"layoutData":{"layout":"Column","itemsMargin":"","maxContentWidth":"1280","minContentHeight":""},"appearance":{"backgroundColor":"#eff4f9","backgroundImageSource":"url","backgroundImageFileName":"","useBackgroundImage":false,"backgroundImageURL":"","backgroundImageState":"cropped","backgroundImageAlignment":"center_middle","fixedBackgroundImage":false}},"anchor-navigation.section9":{"index":10,"anchor":"Section 9","widgets":{},"layoutData":{"layout":"Column","itemsMargin":"","maxContentWidth":"1280","minContentHeight":""},"appearance":{"backgroundImageSource":"url","backgroundImageFileName":"","useBackgroundImage":false,"backgroundImageURL":"","backgroundImageState":"cropped","backgroundImageAlignment":"center_middle","fixedBackgroundImage":false}},"anchor-navigation.section10":{"index":11,"anchor":"Section 10","widgets":{},"layoutData":{"layout":"Column","itemsMargin":"","maxContentWidth":"1280","minContentHeight":""},"appearance":{"backgroundColor":"#ffffff","backgroundImageSource":"url","backgroundImageFileName":"","useBackgroundImage":false,"backgroundImageURL":"","backgroundImageState":"cropped","backgroundImageAlignment":"center_middle","fixedBackgroundImage":false}},"anchor-navigation.section11":{"index":12,"anchor":"Section 11","widgets":{},"layoutData":{"layout":"Column","itemsMargin":"","maxContentWidth":"1280","minContentHeight":""},"appearance":{"backgroundColor":"#eff4f9","backgroundImageSource":"url","backgroundImageFileName":"","useBackgroundImage":false,"backgroundImageURL":"","backgroundImageState":"cropped","backgroundImageAlignment":"center_middle","fixedBackgroundImage":false}}},"nodes":{"header-menu":{"sectionAlias":"anchor-navigation.header-menu","_version":"1.3.0","sap.app":{"_version":"1.3.0","id":"hcp://portalapptemplates/contentUnitBasicWidget/manifest.json","title":"Standard Menu","description":"An out-of-the-box contentUnit widget"},"sap.platform.hcp":{"_version":"1.2.0","appName":"portalapptemplates","uri":"/contentUnitBasicWidget"},"sap.flp":{"config":{}},"sap.ui":{"_version":"1.3.0","technology":"UI5","icons":{"icon":"sap-icon://arrow-bottom"}},"sap.ui5":{"_version":"1.2.0","componentName":"contentUnitBasicWidget","contentDensities":{"compact":true,"cozy":true}},"sap.cloud.portal":{"settings":{"snippet":"/snippets/repeatable/standardmenu.html","contentUnitId":"37e3f8c6-2807-4eb1-ba02-51408bf0c822","rendererType":"sticky-menu","rendererDefaultSettings":{"sticky-menu":{"height":"4rem"}}}}}}},"sap.flp":{"_version":"1.1.0","config":{}},"sap.ui":{"_version":"1.3.0","technology":"UI5"}},{"_version":"1.3.0","sap.app":{"_version":"1.3.0","title":"Header Only","description":"A page layout that contains only a header section of greater than standard height.This page layout is most suitable for Home pages.","tags":{"keywords":[]},"crossNavigation":{"inbounds":{"0":{"semanticObject":"obj","action":"TallHeader","deviceTypes":{"desktop":true,"tablet":true,"phone":true}}}},"id":"e6ec16e2-58d0-4bcd-aef2-882915dcc15f"},"sap.platform.hcp":{"_version":"1.2.0","appName":"portalsitetemplates","uri":"/basiclayoutsV2/pageTemplates/TallHeader"},"sap.ui5":{"_version":"1.2.0","componentName":"cpv2.templates.Header","dependencies":{"minUI5Version":"1.30.0","libs":{"sap.ui.core":{},"sap.m":{},"sap.ui.layout":{}}},"config":{"fullWidth":true,"hideLightBackground":true}},"sap.cloud.portal":{"enableLazyLoading":true,"applicationType":"page","thumbnail":"preview.png","sections":{"tallheader.header":{"index":1,"anchor":"Header","widgets":{},"layoutData":{"layout":"Column","itemsMargin":"","maxContentWidth":"","minContentHeight":"300"},"appearance":{"backgroundColor":"transparent","backgroundImageSource":"url","backgroundImageFileName":"","useBackgroundImage":false,"backgroundImageURL":"","backgroundImageState":"cropped","backgroundImageAlignment":"center_middle","fixedBackgroundImage":false}},"tallheader.content":{"index":2,"anchor":"Section","widgets":{},"layoutData":{"layout":"Column","itemsMargin":"","maxContentWidth":"","minContentHeight":"600"},"appearance":{"backgroundColor":"#ffffff","backgroundImageSource":"url","backgroundImageFileName":"","useBackgroundImage":false,"backgroundImageURL":"","backgroundImageState":"cropped","backgroundImageAlignment":"center_middle","fixedBackgroundImage":false}}},"nodes":{}},"sap.flp":{"_version":"1.1.0","config":{}},"sap.ui":{"_version":"1.3.0","technology":"UI5"}},{"_version":"1.3.0","sap.app":{"_version":"1.3.0","title":"Header and Footer","description":"A page layout that contains a header and a footer section.","tags":{"keywords":[]},"crossNavigation":{"inbounds":{"0":{"semanticObject":"obj","action":"HeaderFooter","deviceTypes":{"desktop":true,"tablet":true,"phone":true}}}},"id":"5fc272e2-d8c7-49b3-b98a-f96dfca8269e"},"sap.platform.hcp":{"_version":"1.2.0","appName":"portalsitetemplates","uri":"/basiclayoutsV2/pageTemplates/HeaderFooter"},"sap.ui5":{"_version":"1.2.0","componentName":"cpv2.templates.HeaderFooterV2","dependencies":{"minUI5Version":"1.30.0","libs":{"sap.ui.core":{},"sap.m":{},"sap.ui.layout":{}}},"config":{"fullWidth":true,"hideLightBackground":true}},"sap.cloud.portal":{"enableLazyLoading":true,"applicationType":"page","thumbnail":"preview.png","sections":{"headerfooter.header":{"index":1,"anchor":"Header","widgets":{}},"headerfooter.content":{"index":2,"anchor":"Section","widgets":{},"layoutData":{"layout":"Column","itemsMargin":"","maxContentWidth":"1280","minContentHeight":"600"},"appearance":{"backgroundColor":"#ffffff","backgroundImageSource":"url","backgroundImageFileName":"","useBackgroundImage":false,"backgroundImageURL":"","backgroundImageState":"cropped","backgroundImageAlignment":"center_middle","fixedBackgroundImage":false}},"headerfooter.footer":{"index":3,"anchor":"Footer","widgets":{}}},"nodes":{}},"sap.flp":{"_version":"1.1.0","config":{}},"sap.ui":{"_version":"1.3.0","technology":"UI5"}},{"sap.app":{"description":"","crossNavigation":{"context":{},"inbounds":{"0":{"deviceTypes":{"desktop":true,"tablet":true,"phone":true},"hideLauncher":true,"action":"Display","semanticObject":"home"},"1":{"semanticObject":"Home","action":"show"}}},"id":"dab6e6bc-1ef7-4265-8d11-71ce31400c52","baseId":"5fc272e2-d8c7-49b3-b98a-f96dfca8269e","title":"Home Page","_version":"1.3.0","i18n":"i18n/dab6e6bc-1ef7-4265-8d11-71ce31400c52.properties","tags":{"keywords":[]}},"sap.ui5":{"_version":"1.2.0","componentName":"cpv2.templates.HeaderFooterV2","dependencies":{"minUI5Version":"1.30.0","libs":{"sap.ui.core":{},"sap.m":{},"sap.ui.layout":{}}},"config":{"fullWidth":true,"hideLightBackground":true}},"sap.platform.hcp":{"_version":"1.2.0","appName":"portalsitetemplates","uri":"/basiclayoutsV2/pageTemplates/HeaderFooter"},"sap.ui":{"_version":"1.3.0","technology":"UI5"},"_version":"1.3.0","sap.flp":{"_version":"1.1.0","config":{}},"sap.cloud.portal":{"applicationType":"page","thumbnail":"preview.png","enableLazyLoading":true,"nodes":{"content-628dc6c1":{"_version":"1.3.0","sap.app":{"_version":"1.3.0","id":"hcp://portalapptemplates/contentUnitBasicWidget/manifest.json","title":"Split Card","description":"A widget that displays a title, header, image, text, button and link"},"sap.platform.hcp":{"_version":"1.2.0","appName":"portalapptemplates","uri":"/contentUnitBasicWidget"},"sap.flp":{"config":{}},"sap.ui":{"_version":"1.3.0","technology":"UI5","icons":{"icon":"sap-icon://bo-strategy-management"}},"sap.ui5":{"_version":"1.2.0","componentName":"contentUnitBasicWidget","contentDensities":{"compact":true,"cozy":true}},"sap.cloud.portal":{"settings":{"contentUnitId":"35ad7acc-31cf-47e1-b40c-22da1894fc63","snippet":"/snippets/repeatable/tile.html","rendererType":"card","rendererDefaultSettings":{"card":{"width":"20.63rem","height":"19.31rem"},"carousel":{"height":"19.31rem"},"default":{"height":"19.31rem","allowAutoHeight":false},"grid":{"height":"19.31rem"}}}},"local":"true","sectionAlias":"headerfooter.content-628dc6c1"},"header-6887a8e6":{"_version":"1.3.0","sap.app":{"_version":"1.3.0","id":"hcp://portalapptemplates/contentUnitBasicWidget/manifest.json","title":"Basic Carousel","description":"A widget that displays a title, header, image, text, button and link"},"sap.platform.hcp":{"_version":"1.2.0","appName":"portalapptemplates","uri":"/contentUnitBasicWidget"},"sap.flp":{"config":{}},"sap.ui":{"_version":"1.3.0","technology":"UI5","icons":{"icon":"sap-icon://bo-strategy-management"}},"sap.ui5":{"_version":"1.2.0","componentName":"contentUnitBasicWidget","contentDensities":{"compact":true,"cozy":true}},"sap.cloud.portal":{"settings":{"contentUnitId":"d3de18cc-5aa1-4f35-b212-36f982663f7d","snippet":"/snippets/repeatable/imageV2.html","rendererType":"carousel","rendererDefaultSettings":{"default":{"height":"20rem","allowAutoHeight":false},"card":{},"carousel":{},"grid":{}}}},"local":"true","sectionAlias":"headerfooter.header-6887a8e6"},"footer-51fb80bf":{"_version":"1.3.0","sap.app":{"_version":"1.1.0","id":"hcp://portalapptemplates/socialNetworksWidget/manifest.json","type":"application","i18n":"i18n/i18n.properties","applicationVersion":{"version":"1.0.0"},"title":"Social Networks Widget","description":"Add quick links to your company's social pages","sourceTemplate":{"id":"ui5template.basicSAPUI5ApplicationProject","version":"1.32.0"}},"sap.ui":{"_version":"1.1.0","technology":"UI5","icons":{"icon":"","favIcon":"","phone":"","phone@2":"","tablet":"","tablet@2":""},"deviceTypes":{"desktop":true,"tablet":true,"phone":true},"supportedThemes":["sap_hcb","sap_bluecrystal"]},"sap.ui5":{"_version":"1.1.0","rootView":{"viewName":"socialNetworksWidget.view.Main","type":"XML"},"dependencies":{"minUI5Version":"1.30.0","libs":{"sap.ui.core":{},"sap.m":{},"sap.ui.layout":{}}},"contentDensities":{"compact":true,"cozy":true},"models":{"i18nApp":{"type":"sap.ui.model.resource.ResourceModel","uri":"i18n/i18n.properties"}},"resources":{"css":[{"uri":"css/style.css"}]},"routing":{"config":{"routerClass":"sap.hana.uis.flp.routing.Router"}},"componentName":"socialNetworksWidget"},"sap.flp":{"appType":"SAP_UI5_Component","config":{"editable":true,"deletable":true}},"sap.platform.hcp":{"appName":"portalapptemplates","uri":"/socialNetworksWidget"},"sap.cloud.portal":{"show.portal.settings":"false","settings":{"size":"Medium","orientation":"Center","networks":[{"name":"Twitter","isActive":true,"url":"https://twitter.com/IvanFemia","image":"twitter"},{"name":"Facebook","isActive":true,"url":"https://www.facebook.com/ivan.femia","image":"facebook"},{"name":"YouTube","isActive":true,"url":"https://www.youtube.com/user/ivanfemia/","image":"youtube"},{"name":"Instagram","isActive":false,"image":"instagram"},{"name":"LinkedIn","isActive":true,"image":"linkedin","url":"https://www.linkedin.com/in/ivanfemia"},{"name":"Tumblr","isActive":false,"image":"tumblr"},{"name":"Google+","isActive":false,"image":"googleplus"}]}},"local":"true","sectionAlias":"headerfooter.footer-51fb80bf"}},"sections":{"headerfooter.footer":{"index":3,"anchor":"Footer","widgets":{"headerfooter.footer-51fb80bf":{"index":1,"alias":"headerfooter.footer-51fb80bf","layoutData":{"L":4,"M":6,"S":12}}},"local":"true"},"headerfooter.content":{"index":2,"anchor":"Section","widgets":{"headerfooter.content-628dc6c1":{"index":1,"alias":"headerfooter.content-628dc6c1","layoutData":{"L":4,"M":6,"S":12}}},"layoutData":{"layout":"Column","itemsMargin":"","maxContentWidth":"1280","minContentHeight":"600"},"appearance":{"backgroundColor":"#ffffff","backgroundImageSource":"url","backgroundImageFileName":"","useBackgroundImage":false,"backgroundImageURL":"","backgroundImageState":"cropped","backgroundImageAlignment":"center_middle","fixedBackgroundImage":false},"local":"true"},"headerfooter.header":{"index":1,"anchor":"Header","widgets":{"headerfooter.header-6887a8e6":{"index":1,"alias":"headerfooter.header-6887a8e6","layoutData":{"L":4,"M":6,"S":12}}},"local":"true"}}}},{"_version":"1.0","identification":{"namespace":"","layer":"vendor","description":"Pizza Cloud","entityType":"site","i18n":"","id":"896e508f-b8da-4886-9261-34ed52318fcf","title":"pizzacloud"},"payload":{"homeApp":{"semanticObject":"Home","action":"show"},"config":{"ushellConfig":{"renderers":{"fiori2":{"componentData":{"config":{"enableSearch":false,"enablePersonalization":true,"enablePerformanceDataCollection":false,"enableSetTheme":true,"enableSetLanguage":true,"enableLaunchWDAAppsInPlace":false,"enableLaunchGUIAppsInPlace":false,"sizeBehavior":"Responsive","applications":{"Shell-home":{"enableHideGroups":false,"enableJamIntegration":false}},"appState":""}}}},"services":{"AppState":{"config":{"transient":true}}},"modulePaths":{"sap.ushell.apps.cpv2MenuPlugin":"/sap.ushell.apps.cpv2MenuPlugin"},"bootstrapPlugins":{"menuplugin":{"component":"sap.ushell.apps.cpv2MenuPlugin"}}}},"sap.cloud.portal":{"config":{"icon":"portalsitetemplates/basiclayoutsV2/thumbnail.png","solution":"freestyle","menuVersion":"2.0","menuWidth":"full","menuAlignment":"left","menuHeight":"s","isMeAreaEnabled":true,"fioriVersion":"FIORI2","theme.id":"sap_belize","theme.active":"[\"sap_belize\", \"sap_belize_plus\", \"sap_hcb\"]","templateTitle":"Basic Layouts","pathInTemplate":"basiclayoutsV2","isOnline":"true","menuAvailableDesktop":true,"menuAvailableMobile":true,"cacheClearedOn":1555731829500,"ui5Version":"innovation","alias":"pizzacloud","showSessionTimeoutDialog":true,"isMultiHomePageEnabled":false,"settings":{},"logoutData":{"type":"DEFAULT","target":""},"localAccess":false,"allowIntranetApps":false,"filterIntranetApps":false},"availablePageTemplates":[{"namespace":"","id":"hcp://portalsitetemplates/basiclayoutsV2/pageTemplates/HeaderFooter/manifest.json"},{"namespace":"","id":"hcp://portalsitetemplates/basiclayoutsV2/pageTemplates/TallHeader/manifest.json"},{"namespace":"","id":"hcp://portalsitetemplates/basiclayoutsV2/pageTemplates/FLPPage/manifest.json"},{"namespace":"","id":"hcp://portalsitetemplates/basiclayoutsV2/pageTemplates/BlankPage/manifest.json"},{"namespace":"","id":"hcp://portalsitetemplates/basiclayoutsV2/pageTemplates/AnchorNavigation/manifest.json"}],"_version":"1.2.0","baseTemplate":{"id":"hcp://portalsitetemplates/basiclayoutsV2/site.json","namespace":""}},"groups":[],"catalogs":[{"id":"e00fb4aa-9763-4eb5-8270-984c0b403bd9","namespace":""}]}},{"_version":"1.0","identification":{"entityType":"menu","id":"08e78ce2-4603-44f5-b954-5ccbf97fed6e","i18n":"i18n/08e78ce2-4603-44f5-b954-5ccbf97fed6e.properties"},"payload":{"locked":"false","tags":[],"entities":[{"target":{"semanticObject":"home","action":"Display"},"entityType":"PAGE","titleKey":"header_footer_title","id":"33c50507-820f-47d8-83e9-2b2badafcce0","title":"{{header_footer_title}}"},{"target":{"semanticObject":"menu","action":"Display"},"entityType":"PAGE","titleKey":"starter_title","id":"a0765ce7-3f2f-4bba-8ea6-6c5ab7d67293","title":"{{starter_title}}"},{"id":"23d41380-6511-4963-8d9c-29ee5e15f6ec","entityType":"PAGE","target":{"semanticObject":"ContactUs","action":"Display"},"description":"","titleKey":"9f96a7a8-5aae-4c36-8990-ec70b31d442f_title","title":"{{9f96a7a8-5aae-4c36-8990-ec70b31d442f_title}}"}]}},{"_version":"1.1","identification":{"description":"","entityType":"catalog","i18n":"i18n/e00fb4aa-9763-4eb5-8270-984c0b403bd9.properties","id":"e00fb4aa-9763-4eb5-8270-984c0b403bd9","title":"{{title}}"},"payload":{"appDescriptors":[{"id":"dab6e6bc-1ef7-4265-8d11-71ce31400c52","namespace":""},{"id":"22b4bbb0-7077-4ff0-a292-3860c96e29a0","namespace":""},{"id":"1fa7d77e-fdd2-41b0-a88f-83cdca84445f","namespace":""},{"id":"b3a91664-2fd6-4dae-b16f-2cc5531ad288","namespace":""},{"id":"b9e273a7d9d7423d8663ab8d4e1a33a6","namespace":""}],"groups":[]}},{"sap.app":{"description":"A page layout that contains one predefined section ","crossNavigation":{"context":{},"inbounds":{"0":{"deviceTypes":{"desktop":true,"tablet":true,"phone":true},"action":"Display","semanticObject":"ContactUs"}}},"id":"b9e273a7d9d7423d8663ab8d4e1a33a6","baseId":"5824f5d1-11cf-46b3-b1c5-338321e0f9e5","title":"Contact Us","_version":"1.3.0","i18n":"i18n/b9e273a7d9d7423d8663ab8d4e1a33a6.properties","tags":{"keywords":[]}},"sap.ui5":{"_version":"1.2.0","componentName":"cpv2.templates.Blank","dependencies":{"minUI5Version":"1.30.0","libs":{"sap.m":{}}},"config":{"fullWidth":true,"hideLightBackground":true}},"sap.platform.hcp":{"_version":"1.2.0","appName":"portalsitetemplates","uri":"/basiclayoutsV2/pageTemplates/BlankPage"},"sap.ui":{"_version":"1.3.0","technology":"UI5"},"_version":"1.3.0","sap.flp":{"_version":"1.1.0","config":{}},"sap.cloud.portal":{"applicationType":"page","thumbnail":"preview.png","enableLazyLoading":true,"nodes":{"content-2f585c3f":{"_version":"1.3.0","sap.app":{"_version":"1.3.0","id":"hcp://portalapptemplates/contentUnitBasicWidget/manifest.json","title":"Circular Story Card","description":"A widget that displays a title, header, image, text, button and link"},"sap.platform.hcp":{"_version":"1.2.0","appName":"portalapptemplates","uri":"/contentUnitBasicWidget"},"sap.flp":{"config":{}},"sap.ui":{"_version":"1.3.0","technology":"UI5","icons":{"icon":"sap-icon://bo-strategy-management"}},"sap.ui5":{"_version":"1.2.0","componentName":"contentUnitBasicWidget","contentDensities":{"compact":true,"cozy":true}},"sap.cloud.portal":{"settings":{"contentUnitId":"71cfdc8a-bce5-4b08-85fd-41b71df09220","snippet":"/snippets/repeatable/profile.html","rendererType":"card","rendererDefaultSettings":{"card":{"width":"18.75rem","height":"33.38rem"},"carousel":{"height":"33.38rem"},"default":{"height":"33.38rem","allowAutoHeight":false},"grid":{"height":"33.38rem"}}}},"local":"true","sectionAlias":"blankpage.content-2f585c3f"}},"sections":{"blankpage.content":{"index":1,"anchor":"Section","widgets":{"blankpage.content-2f585c3f":{"index":1,"alias":"blankpage.content-2f585c3f","layoutData":{"L":4,"M":6,"S":12}}},"layoutData":{"layout":"Column","itemsMargin":"","maxContentWidth":"","minContentHeight":"600"},"appearance":{"backgroundColor":"#ffffff","backgroundImageSource":"url","backgroundImageFileName":"","useBackgroundImage":false,"backgroundImageURL":"","backgroundImageState":"cropped","backgroundImageAlignment":"center_middle","fixedBackgroundImage":false},"local":"true"}}}},{"sap.app":{"description":"","crossNavigation":{"context":{},"inbounds":{"0":{"deviceTypes":{"desktop":true,"tablet":true,"phone":true},"hideLauncher":true,"action":"Display","semanticObject":"menu"}}},"id":"1fa7d77e-fdd2-41b0-a88f-83cdca84445f","baseId":"5824f5d1-11cf-46b3-b1c5-338321e0f9e5","title":"Menu","_version":"1.3.0","i18n":"i18n/1fa7d77e-fdd2-41b0-a88f-83cdca84445f.properties","tags":{"keywords":[]}},"sap.ui5":{"_version":"1.2.0","componentName":"cpv2.templates.Blank","dependencies":{"minUI5Version":"1.30.0","libs":{"sap.m":{}}},"config":{"fullWidth":true,"hideLightBackground":true}},"sap.platform.hcp":{"_version":"1.2.0","appName":"portalsitetemplates","uri":"/basiclayoutsV2/pageTemplates/BlankPage"},"sap.ui":{"_version":"1.3.0","technology":"UI5"},"_version":"1.3.0","sap.flp":{"_version":"1.1.0","config":{}},"sap.cloud.portal":{"applicationType":"page","thumbnail":"preview.png","enableLazyLoading":true,"nodes":{"content-cb72f1b4":{"_version":"1.3.0","sap.app":{"_version":"1.1.0","id":"hcp://portalapptemplates/rtewidget/widgets/listbuilder/manifest.json","type":"application","applicationVersion":{"version":"1.0.0"},"title":"List Builder","description":"Organize website content, ideas and links with predefined list items","sourceTemplate":{"id":"ui5template.basicSAPUI5ApplicationProject","version":"1.32.0"}},"sap.ui":{"_version":"1.1.0","technology":"UI5","icons":{"icon":"","favIcon":"","phone":"","phone@2":"","tablet":"","tablet@2":""},"deviceTypes":{"desktop":true,"tablet":true,"phone":true},"supportedThemes":["sap_hcb","sap_bluecrystal"]},"sap.ui5":{"_version":"1.1.0","rootView":{"viewName":"rtewidget.widgets.listbuilder.view.Main","type":"XML"},"dependencies":{"minUI5Version":"1.30.0","libs":{"sap.ui.core":{},"sap.m":{},"sap.ui.layout":{}}},"contentDensities":{"compact":true,"cozy":true},"resources":{"css":[{"uri":"../../css/style.css"}]},"componentName":"rtewidget.widgets.listbuilder"},"sap.flp":{"appType":"SAP_UI5_Component","config":{"editable":true,"deletable":true}},"sap.platform.hcp":{"uri":"/rtewidget/widgets/listbuilder/","appName":"portalapptemplates"},"sap.cloud.portal":{"show.portal.settings":"false","menu":{"actions":{"properties":{"element":"OverflowToolbarButton","events":{"press":"onEditButtonPress"},"attributes":{"icon":"sap-icon://edit","tooltip":"Edit"}}}},"settings":{"plugins":"template link image table textcolor colorpicker autolink directionality searchreplace hr insertdatetime charmap imageuploader templateutils background menurenamer imageuploader templateutils background menurenamer","portalplugins":"imageuploader templateutils background","customplugins":"menurenamer","menu":{"list":{"title":"List","items":"template | cutitem copyitem pasteitem deleteitem"},"file":{"title":"Edit","items":"undo redo | cut copy paste pastetext | selectall | searchreplace"},"insert":{"title":"Insert","items":"image imageuploader link | charmap hr insertdatetime"},"format":{"title":"Format","items":"bold italic underline strikethrough superscript subscript | formats | removeformat"}},"toolbar":["undo redo | cut copy paste | bold italic underline | fontselect fontsizeselect |"," forecolor backcolor | alignleft aligncenter alignright alignjustify | bullist numlist | link image imageuploader background"],"table_toolbar":"","fontsize_formats":"8px 9px 10px 11px 12px 13px 14px 16px 18px 20px 22px 24px 30px 36px 48px","templates":[{"title":"{TEMPLATE1_TITLE}","url":"/templates/template1.html"},{"title":"{TEMPLATE2_TITLE}","url":"/templates/template2.html"},{"title":"{TEMPLATE3_TITLE}","url":"/templates/template3.html"},{"title":"{TEMPLATE4_TITLE}","url":"/templates/template4.html"},{"title":"{TEMPLATE5_TITLE}","url":"/templates/template5.html"}],"template_cdate_classes":"timestamp","template_cdate_format":"%d.%m.%Y | %H:%M:%S","background":{"useMobileSettings":false,"desktop":{"useImageBg":false,"imageUrl":"","source":"0","state":"0","alignment":"4","color":"transparent","opacity":"100"}},"resources":{"assets":[{"value":"menu_List_Builder_1555710642231.html","isCloned":true},{"value":"Pizza-Header.png"},{"value":"menu1.jpg"},{"value":"menu2.jpg"},{"value":"menu3.jpg"},{"value":"menu4.jpg"},{"value":"menu6.jpg"}]}}},"local":"true","sectionAlias":"blankpage.content-cb72f1b4"}},"sections":{"blankpage.content":{"index":1,"anchor":"Section","widgets":{"blankpage.content-cb72f1b4":{"index":1,"alias":"blankpage.content-cb72f1b4","layoutData":{"L":4,"M":6,"S":12}}},"layoutData":{"layout":"Column","itemsMargin":"","maxContentWidth":"","minContentHeight":"600"},"appearance":{"backgroundColor":"#ffffff","backgroundImageSource":"url","backgroundImageFileName":"","useBackgroundImage":false,"backgroundImageURL":"","backgroundImageState":"cropped","backgroundImageAlignment":"center_middle","fixedBackgroundImage":false},"local":"true"}}}},{"_version":"1.3.0","sap.app":{"_version":"1.3.0","title":"Starter Page","description":"A page layout that contains one predefined section ","tags":{"keywords":[]},"crossNavigation":{"inbounds":{"0":{"semanticObject":"obj","action":"BlankPage","deviceTypes":{"desktop":true,"tablet":true,"phone":true}}}},"id":"5824f5d1-11cf-46b3-b1c5-338321e0f9e5"},"sap.platform.hcp":{"_version":"1.2.0","appName":"portalsitetemplates","uri":"/basiclayoutsV2/pageTemplates/BlankPage"},"sap.ui5":{"_version":"1.2.0","componentName":"cpv2.templates.Blank","dependencies":{"minUI5Version":"1.30.0","libs":{"sap.m":{}}},"config":{"fullWidth":true,"hideLightBackground":true}},"sap.cloud.portal":{"enableLazyLoading":true,"applicationType":"page","thumbnail":"preview.png","sections":{"blankpage.content":{"index":1,"anchor":"Section","widgets":{},"layoutData":{"layout":"Column","itemsMargin":"","maxContentWidth":"","minContentHeight":"600"},"appearance":{"backgroundColor":"#ffffff","backgroundImageSource":"url","backgroundImageFileName":"","useBackgroundImage":false,"backgroundImageURL":"","backgroundImageState":"cropped","backgroundImageAlignment":"center_middle","fixedBackgroundImage":false}}},"nodes":{}},"sap.flp":{"_version":"1.1.0","config":{}},"sap.ui":{"_version":"1.3.0","technology":"UI5"}}]}