[{"id":"b59de8a6-1f00-4fdf-a5b2-294fdb71ba40","name":"sap_belize","description":"SAP Belize","author":"SAP","rootPath":"sap_belize","created":"Sep 7, 2016 2:43:10 PM","automaticUpgrade":false}, {"id":"703c3af8-77d1-48ff-94ba-35fd6bbde94a","name":"sap_belize_plus","description":"SAP Belize Plus","author":"SAP","rootPath":"sap_belize_plus","created":"Sep 7, 2016 2:43:10 PM","automaticUpgrade":false}, {"id":"cff8247c-d931-11e4-b9d6-1681e6b88ec1","name":"sap_hcb","description":"SAP High Contrast Black","author":"SAP","rootPath":"sap_hcb","created":"May 18, 2015 11:24:50 AM","automaticUpgrade":false}]