{"translationMetadata":[{"locale":"de","localeDisplay":"German","status":false,"updatedAt":1555709589564},{"locale":"no","localeDisplay":"Norwegian","status":false,"updatedAt":1555709589565},{"locale":"ru","localeDisplay":"Russian","status":false,"updatedAt":1555709589565},{"locale":"pt","localeDisplay":"Portuguese","status":false,"updatedAt":1555709589565},{"locale":"en","localeDisplay":"English","status":false,"updatedAt":1555709589565},{"locale":"it","localeDisplay":"Italian","status":false,"updatedAt":1555709589565},{"locale":"fr","localeDisplay":"French","status":false,"updatedAt":1555709589565},{"locale":"hu","localeDisplay":"Hungarian","status":false,"updatedAt":1555709589565},{"locale":"zh-CN","localeDisplay":"Chinese (China)","status":false,"updatedAt":1555709589565},{"locale":"es","localeDisplay":"Spanish","status":false,"updatedAt":1555709589565},{"locale":"cs","localeDisplay":"Czech","status":false,"updatedAt":1555709589565},{"locale":"ar","localeDisplay":"Arabic","status":false,"updatedAt":1555709589565},{"locale":"ja","localeDisplay":"Japanese","status":false,"updatedAt":1555709589565},{"locale":"pl","localeDisplay":"Polish","status":false,"updatedAt":1555709589565},{"locale":"he","localeDisplay":"Hebrew","status":false,"updatedAt":1555709589565},{"locale":"da","localeDisplay":"Danish","status":false,"updatedAt":1555709589565},{"locale":"nl","localeDisplay":"Dutch","status":false,"updatedAt":1555709589565},{"locale":"tr","localeDisplay":"Turkish","status":false,"updatedAt":1555709589565}],"entityType":"translationMetadata","id":"896e508f-b8da-4886-9261-34ed52318fcf_translationMetadata"}