{
	"default": {
		"_sap_f_Card_ContentPadding": "1rem",
		"_sap_f_Card_HeaderIconColor": "#6a6d70",
		"_sap_f_Card_HeaderBorderBottom": "1px solid #ccc",
		"_sap_f_Card_HeaderHoverColor": "#fafafa",
		"_sap_f_Card_HeaderActiveColor": "#f7f7f7",
		"_sap_f_ShellBar_PaddingDesktop": "3",
		"_sap_f_ShellBar_PaddingTablet": "2",
		"_sap_f_ShellBar_PaddingPhone": "1",
		"_sap_f_ShellBar_ChildMargin": "4",
		"_sap_f_ShellBar_CoPilotWidth": "48",
		"_sap_f_ShellBar_PrimaryTitle_FontSize": ".875rem",
		"_sap_f_ShellBar_SecondTitle_FontSize": ".75rem",
		"_sap_f_Avatar_Color": "#fff",
		"_sap_f_FlexibleColumnLayout_ButtonBackground": "#f7f7f7",
		"_sap_f_FlexibleColumnLayout_ButtonHoverBackground": "#ebebeb"
	},
	"scopes": {
		"sapContrast": {
			"_sap_f_Card_HeaderBorderBottom": "1px solid #171d23",
			"_sap_f_Card_HeaderHoverColor": "#3b4c5b",
			"_sap_f_Card_HeaderActiveColor": "#394958",
			"_sap_f_FlexibleColumnLayout_ButtonBackground": "#45596a",
			"_sap_f_FlexibleColumnLayout_ButtonHoverBackground": "#4f667a"
		}
	}
}